listing_name,amenities,rate,price,listing_link
"Holiday Inn Express & Suites Ottawa Downtown East, an IHG Hotel",Breakfast includedPool,"8.2/10Very good(1,219 reviews)",Price is CA $180 per nightCA $180per nightCA $212 totalIncludes taxes & fees,ca.hotels.com/ho1177609504/holiday-inn-express-suites-ottawa-downtown-east-an-ihg-hotel-ottawa-canada/?chkin=2023-05-15&chkout=2023-05-16&x_pwa=1&rfrr=HSR&pwa_ts=1682995069543&referrerUrl=aHR0cHM6Ly9jYS5ob3RlbHMuY29tL0hvdGVsLVNlYXJjaA%3D%3D&useRewards=false&rm1=a2&regionId=4025&destination=Ottawa%2C+Ontario%2C+Canada&destType=MARKET&neighborhoodId=6325463&latLong=45.42052%2C-75.69975&trackingData=AAAAAQAAAAEAAAAQYJrPC4j8mb-MDHpNPtLeZNk_anmtitsVt2BQ12a0IecPJAWjARSpEOR1wRgpNbhVwUMejE75jnfjDsb7SxjsxNCUKH1lygoSwu2Rj0KfJqQ_SH6ZfvajbddpmU7Wn0XC9YCjuXXkC0A8oCursDx32HMP1Y2NARFDKlcA7u_J4vUe0iu-XYD96_bOzy0zK8D2sBtVfNIRF-5B6dKHV785w_13Rbg6FQDL59jQtoc9_CE1Eax2UMMp2kfZ-ieDJN5By_O7ULw0a1APgcnAabuAM1a0JOJcXxbpdOg-7TR9jmMkM4Bk-IBxL4wDQBupofiLkwV8Q93spJ2z5lykbqk3zDHpvdtL7w9Qw8FGX6QJx1TI-YZMA0sa50wJ57ccFWoL_yIC8Q_xLTghOi89RxHyX-5Aoy-TDQaD7R4v217B4xi4NslN-35y6OCpyJurVWo6hpNgJaL1uNP_AALC2O83ObvtwtY2VqzxIz-fN4p_1-VrSavGOgMp_Pm4J_-3r2mzNj5TSm-p4ZWF5HpFdKcHhjk7BrjtuXtOqalae9FXYTt0GTSvfbgDDpu3mYJbrkx4_DkQHwJV7wjufQdf5KdvQaOe9CWmaFUXwdPa_Ubg_AjhOStpQt3oEZSZZkSr81KEvW9fAfOtuwr5zERwMpU5FrN42dPURbM7i-ijD9qnfz4XSB9Y7O7PjXnZW-HOAE5CsOJlhZTZtK04F-acR9N5Ok2CPuOPwPSz3CHCS-_xCsVzACEEuJr44MCHSI2s0nKmlEpC9yJ86_B5fOOdPRkHGtq4B0toO5aLKl11uGqCuVc63ddRol_uxjhsj-jSQFdj4_t4l2KSfY6GMzxV_HlwE5lw4md9_I75xzcVhD8GcjqL-BPk51uI4M9U0J9I2HYaOeQXR4kmgDWgw5vppZeAmms4GM_b3g509Nqpikvlg0qb_b0ULusKBSJFysviyOYjvIjgyO9Fj4mU2O-7lzgO1y58mQbvV9UI_oMjP1Jl9l06QHOBp4HA68vjGtzOogfT34CxTiqVEBXz6TcYDJsNMg39VxJ1mNgRccz8O1Iqqp-qfBNItYYeImwySCUI7bh9usJJBMgLyk1ui_yIVpDQhAX75oJ_suKSO8V4X__Pf3Tt0IF9Q4WVR4CEAqtiBq95MIyJ8q6WJT9wFn9MK7C3orD2im_70ZWg6CY5-fBDjzUvha13ta1vV5epglqN_GxTP1G7e-mI0GjbISFeG9uAUBol9sViGMLL97Z3eAWA0HbKut0NJxc731c0B7FrjJ1TTNSvQIev90xEWYrpTk-oUxYjfzxdQRLSEEW8JgUn1ROwxRqKrG_lBpxrHXZkqHvbmt0gQxd4Qp-MUZ2p05dj9z9IfacXw54Fz6xFqu_FP-7nFNBbTA2QwrnbgbtK8aKkL_zf1ZJDaB4FlGvl5ci203dAna7ffsdQe9lQg3HBk7hMToTgz9vPeaGNvtSQQJtpJsoisOaw4VmXQhCEZY3SIpc4OGzEgnTxI2xloV08D6yrxvN_UGcpsep0FWoidPl22KLmyQ6xN0NH7uVbHhwxYORpNgJJ_L8YnQDorVQ4yL3ao4JfKJmwFr2UOgCtdoTKR5fkXM0ywj8o98SFkWTk2wShfQx0a1amahkkitSR1gFFHL4FNmz93YVHpv0qlSLar1Rn4XaxZ9SsGp0GFlRkidQ2ur-uzSVGo3DXSWf2ds5G2I3Q2YUpd926pBhg-vapBZk0yir_L7Nq8iXCoSW7R-HdsF92OUEuLkjlqt23BaBE2R6rBVPDQL96ydzN3ljjqfXO8z1s87bgFiXmgS8zTSFOhHmTPnX_SDC31-Vc9vQTZJiDDAxAFAqBS40Gj6yoU-mi1qcO6EQfyBzmyKyI5lEzUNs6ACcqvNLnZCeRcOTPw4ibIEd4oW1TZmQJwTEBzI_FTZFh7jZz1ThS2J8ROnuMJhxuzrlEZXljYEDkjvcM-czVc9ghtCalzJKundRbfwZnzQz9QDYi-YSEL8S3r6blQakVG1fRdSFTEL6_SrqZKf65_w2y1J-dG5tcooRxAsKzs95ABaF9xfmqmn0pGqX7Kbi3eq5BAQITOgCYAE8zGWGxht4QEkr5PYcWSD3vfMATJCto3lhAlE96TiD7eS6VjYixnSqFWJrX33qFKfgHEBZluX8DUjVy5Y9Z1srn9fUWfXkNDdme8GrIWycHliUT5iKbCthY2JdCliYdMJlMbQKTN8R8Oj0930_AjE9E9027sPT0VeCa7hTK_AGsa9D2PDRyzqsaaJ_I_sRRCUAZVS7vw-RII4SVGqV1MCzJWUMg99JTIY5GMbc6ttbhVsD8CG64dICJ8OpL_CNkN8EiHVvTVbZPkD8mANrawJ9zETZVV86iL9Ie5VFHYneVwcW3YGduMs78exZnxygQuclhBEzB_vWG0HDMJihkYxxdBwrwbydH7HgirwHcE8F-rSUzMMy5agmSvyLOb3G5MUqnAmxc4wqGCJBj7DJgnM2Lp7-BmLDFGsmmc82vyFPYgdqL3AVOfV7CZpyGz6eWLbw1fdibjWKdogd1ewc2XA0Zk90Zug-cuTr09j5q0HAUW1f-jYpdhmgTiqfqJsVJ9cuI9SZCr4eGGeDeSvAaSnvP&rank=1&testVersionOverride=Buttercup%2C45803.0.0%2C44204.0.0%2C44203.0.0%2C43549.0.0%2C43550.0.0%2C31936.102311.0%2C33775.98848.1%2C38414.114301.0%2C39483.0.0%2C38427.115718.1%2C42444.0.0%2C42589.0.0%2C42876.124673.0%2C42973.0.0%2C42974.0.0%2C42975.0.0%2C42976.0.0%2C42802.125960.1%2C33739.99567.0%2C37898.109354.1%2C37930.0.0%2C37949.0.0%2C37354.0.0%2C43435.128144.0%2C44700.0.0%2C44704.134887.1&slots=&position=1&beaconIssued=&sort=RECOMMENDED&top_dp=180&top_cur=CAD&userIntent=&selectedRoomType=213618216&selectedRatePlan=388226571&expediaPropertyId=36769047
Microtel Inn & Suites by Wyndham Kanata Ottawa West,Breakfast included,8.6/10Excellent(176 reviews),Price is CA $152 per nightCA $152per nightCA $179 totalIncludes taxes & fees,ca.hotels.com/ho2321835040/microtel-inn-suites-by-wyndham-kanata-kanata-canada/?chkin=2023-05-15&chkout=2023-05-16&x_pwa=1&rfrr=HSR&pwa_ts=1682995069543&referrerUrl=aHR0cHM6Ly9jYS5ob3RlbHMuY29tL0hvdGVsLVNlYXJjaA%3D%3D&useRewards=false&rm1=a2&regionId=4025&destination=Ottawa%2C+Ontario%2C+Canada&destType=MARKET&neighborhoodId=553248635976396423&latLong=45.42052%2C-75.69975&trackingData=AAAAAQAAAAEAAAAQBrpDJ1-R8HW_PJ3VDhbg7aGJhTeuTYPDIYwr0_Qn_WaN0Ap-xj6-PukJFrrPMtx61p5Nyrkvd6NiWtpOr0fqZhS19nDH63O3tIYPmDBaGd40BTWshq1IlcctRQg9upjeuw3IfN0JRqYqXGvYrr5Ukw2nESJmOIAZOLKEXGv-8oJNxHtCvO1kvO-dan2AYsm7aOnUG2xUYZMXCO9UpERcezh4zw0Ylp9Q_kKvtU8Thnw7CGlLp2FECfKmbipnMGznIP88kyetoJudgcwui24mPNxwcOMvo6CjVtDN7byx4kF3bAOVE737xxUH__ZGy-7eqSjHFNqv6N9u9B07Ka1T0GrJ5xksZs4_miUtagVl7aPLKRBdp0jRUQ8Ij5IH4hsedwVwk5CtVK_oSwhNVxvu-FDGx7vXq4yDGHpKEIhXWkiiMoFZfbQg5ZLcoKdR2cLQ5jo9MbkgX5_bpQAhY3dRhmliVn7WiY2MGUrLg121Avz93zwR4fzNyn5dzX2d28NJHzQ-3aQPGVd_UdFj_o61rZ-1wjUHpIN4wyVjYqKvARROkKIXDnCsL8R8MLbcOrQd1UQKXK8b84pdfmWIRb7MAPaS_Ji9ToMBS7NsJxPp4Z6WTRHOmcijxafPaG4CbVSpPppU_E4uKFxs1zF1La2ysPfTC3muM5O66MjYbO6cOb7jtnWJKjz5lKPUVJRLzth9OSysaZc6bdTTAOHvB4TopX5I4Rfc34Uld79ce9TEZigPHkT4kngrxcf2e3Rn5MoAMWa6AbMUe0fbbWTK8H6F_hU8LDYKjPskIqGb-7BsJxmpwL0iSSNXMhHmq9hqjEs8qmBEhqvggrTXAqih54UIchtgvsS_G57OUgZoRN4tilUHXTS-2mvhdoB9L6WXa1E8ThqT5X0o3uynU7WN-SiYQqeU2yM-psfMF43OcV6t-DVC_m1iCBgjlX727-Fpe1Pt10zPT859SZU98Ld2lb9U54B698BHHdcIuMLpsNdBFI4tu8DRhAFrYK6cfjcT6v9DZV7ClAwsh43cbO73NbBnJz5areNB3-Ach_GvGvsJaPyRIkJSCz7hrZ2QQbPDbDUm9-WbLcwiJnDsvHY61fHxR4IC_x1ed4Q75r1qdBNThKNmfvXzInndIcQdF6qqyWD__Mh5H9qMM1JcVflbvPVSJIbROFupcaCg3MO0aXAJ0vtOVKPQVtabxqzlCqkeyU73M9OztSTz-2dRqHViWqQBRNWJtQOezTRJw4PHJ45IpoZU2vbWvmotMRCBvtbCJRI9GcOc522wz73w31_fqP8OzC7OKqi8iu56gjgswWwx0yDw4diJ9XZHCHao6kq6PVdkn9J-ABx15WTg104YVzl2Z5XYoQV513Tvl1e71FCylXos_bzm00oxBSpNhOE6WjfPoGy_-RFfuyhY3wXgB7FqCUr-a8dWl3CeLW5HfI7lZEwzrIDlcHl1GX3Df9bt-rUbGA7Q0JWBz_4C-2D7yytrGfp7CZjQHVdRbKf2iY4N4c__w888HOBBYZ5O8pmkBZKaeHVYu2bKsrxzOynCT35y63r_k4P4iSHvhWHPCTbvuxnb2hMR18qkVWY1ggKgTNbkqMenaYJNdfic6t6d7mRPF6S7DfD80jA1jLpcFGf5en6DrNDbVSoOjiTs2AG-P6rCYRhACnS2HhUgAEpW5pwcllv0YxhdnWcwSP1AxwTdm4LNOTxT6GJnA-ec_9UIADgQo9bpsImL9b2nH65mb_QblIzJtx_-0Q7uLLHcvOQTSGDXcoIqlQctwIcAQcKwWrwarwaQCPP8MA-8n2poo9yrdsaaNbrog3wk3rcLKmnLL0UwVVWxuVgA5jgRfW7zNrIxr047h6yqxfTPxtWJICNB1FZso-tcjwaTwmeodXvx9Wck_jMsFN3Tc-BcjKYoTHKWkbD3ov5-DHtlt85fGTNWwRQzPxsW98QrN7o7VwsnKfpYA2egElF-ey6egKGreqmcqKeyX6QVXX0FfVZlQnLkCPtVxP0hstwfG1Vj0-BfTg5jo7gfbd3TNebaw5gyoymF_iIeTKdb2e8-GBHTEU-GWX57ufFN9UYcCfKG_UTEKP4jCC1xRe68IzaNWlr0XKX2a6PhMNzp5mOmUUV29P0KLyry_pOt93t-4T466wGhdXbiw_PwqUiYgmEnQ85-CbaVL2JU7ITjQLkN3qfY_iGKsJOmMkYA6B-0DWgwjqkDS_C1nL-JLecEwj8GYq95EuClH4nF7JpFGJ5QV8iMMxmmOA7kvseDauhkA112P1i04RO6ynIjNqvIuKV8rZgDAaJLpQnHPmA8lIa7ls8hMyoOgQyLzpildZF8xaC4CgLZm8qTsiAOXWlrGquhlURalAIaHAwiwctkJtSUjhURysulcM94qpTxHE-TSelqP5X5XChULA5gFIFzNGhfY_K37CfwVefPmS6Y2bqfuYI4mmuJfrV3-J-IsLcY343G6-oEmCifpeKK0VkTYtmMQquTD_kxd_QhZzqcPW0p2WWo7jrYMwDDjut7OxMHDB-LYy8l8wOhfqKxGc-hdegbBcSJ5mTbEMdh9nea55ZWX6C0DOfadMJoaB37gjo4VtXOVov_aWC5KtbwXWcaHShqXOyk3vSu&rank=2&testVersionOverride=Buttercup%2C45803.0.0%2C44204.0.0%2C44203.0.0%2C43549.0.0%2C43550.0.0%2C31936.102311.0%2C33775.98848.1%2C38414.114301.0%2C39483.0.0%2C38427.115718.1%2C42444.0.0%2C42589.0.0%2C42876.124673.0%2C42973.0.0%2C42974.0.0%2C42975.0.0%2C42976.0.0%2C42802.125960.1%2C33739.99567.0%2C37898.109354.1%2C37930.0.0%2C37949.0.0%2C37354.0.0%2C43435.128144.0%2C44700.0.0%2C44704.134887.1&slots=&position=2&beaconIssued=&sort=RECOMMENDED&top_dp=152&top_cur=CAD&userIntent=&selectedRoomType=315767368&selectedRatePlan=384617918&expediaPropertyId=72526095
Lord Elgin Hotel,PoolHot tub,"8.6/10Excellent(1,031 reviews)","12% offPrice was CA $339, price is now CA $298 per nightCA $339CA $298per nightCA $351 totalIncludes taxes & fees",ca.hotels.com/ho111693/lord-elgin-hotel-ottawa-canada/?chkin=2023-05-15&chkout=2023-05-16&x_pwa=1&rfrr=HSR&pwa_ts=1682995069543&referrerUrl=aHR0cHM6Ly9jYS5ob3RlbHMuY29tL0hvdGVsLVNlYXJjaA%3D%3D&useRewards=false&rm1=a2&regionId=4025&destination=Ottawa%2C+Ontario%2C+Canada&destType=MARKET&neighborhoodId=553248635976398172&latLong=45.42052%2C-75.69975&sort=RECOMMENDED&top_dp=298&top_cur=CAD&userIntent=&selectedRoomType=25325&selectedRatePlan=220179021&expediaPropertyId=528265
Fairfield Inn & Suites by Marriott Ottawa Airport,Breakfast includedPoolHot tub,"9.4/10Exceptional(1,120 reviews)",Price is CA $169 per nightCA $169per nightCA $199 totalIncludes taxes & fees,ca.hotels.com/ho763070976/fairfield-inn-suites-by-marriott-ottawa-airport-ottawa-canada/?chkin=2023-05-15&chkout=2023-05-16&x_pwa=1&rfrr=HSR&pwa_ts=1682995069543&referrerUrl=aHR0cHM6Ly9jYS5ob3RlbHMuY29tL0hvdGVsLVNlYXJjaA%3D%3D&useRewards=false&rm1=a2&regionId=4025&destination=Ottawa%2C+Ontario%2C+Canada&destType=MARKET&neighborhoodId=6285000&latLong=45.42052%2C-75.69975&sort=RECOMMENDED&top_dp=169&top_cur=CAD&userIntent=&selectedRoomType=218431051&selectedRatePlan=276374226&expediaPropertyId=23814718
Welcominns Hotel Ottawa,Breakfast included,"7.8/10Good(1,024 reviews)",Price is CA $169 per nightCA $169per nightCA $199 totalIncludes taxes & feesSign in for extra savings,ca.hotels.comhttps://ca.hotels.com/user/signin?uurl=e3id%3Dredr%26rurl%3D%2FHotel-Search%3FregionId%3D4025%26destination%3DOttawa%252C%2BOntario%252C%2BCanada%26startDate%3D2023-05-15%26endDate%3D2023-05-16%26adults%3D2%26children%3D%26userIntent%3D%26sort%3DRECOMMENDED%26vip%3Dfalse%26selected%3D13711
Hyatt Place Ottawa West,Breakfast includedPool,9.0/10Wonderful(984 reviews),Price is CA $185 per nightCA $185per nightCA $217 totalIncludes taxes & fees,ca.hotels.com/ho1969301056/hyatt-place-ottawa-west-ottawa-canada/?chkin=2023-05-15&chkout=2023-05-16&x_pwa=1&rfrr=HSR&pwa_ts=1682995069543&referrerUrl=aHR0cHM6Ly9jYS5ob3RlbHMuY29tL0hvdGVsLVNlYXJjaA%3D%3D&useRewards=false&rm1=a2&regionId=4025&destination=Ottawa%2C+Ontario%2C+Canada&destType=MARKET&neighborhoodId=8987&latLong=45.42052%2C-75.69975&trackingData=AAAAAQAAAAEAAAAQPpwGkXyRO6PW4yhBMqYL8VNpMTjoxec5p9Ah1ameUWQy2zYZ9wMmLayXnsFT3jAMMZtk-1Ip4yzdEp83C1Wz-MaMy-OT_rb8HHlH4ACwJf-PFGcqo0b91BopxlYTyGIuUP6pEa_9R1D62uuZRFmUuwNHDtzaoOlP7VOTWWmikf7JB1R_xR2B7_d4Ya8YDDvUm8opPvgE5OtUj1PNBUAX1yqRxNB8SY6ZK_wWeqo7qHaTWVp8bHAZo1n69cki-O58ElbREdiW1wQSiFW656OYIXvXvlWFZ3dEBJyuj6UQATiVamutq-1OfKi2AEq6OnvVNJ8gFgxk7pPLixiNez8zkJ_SgDwXb077TaVQDbONShU8m_xnGtCnFQAq-8yDI3ld4AnFqdRfKaxUbwr0k49Acj1wfKrR2VLw1srs-S8i0dNzG5H7OS4inbCTajC4lxRRf8PolM3s0lShpqxVhmivR4B0ML9jiDVGhOTEBFQI7kphHv0afgoHW0xte6hNO9GADO12zCL9NZKuhmAXiP4YFvhpMy767tinUA6zW6N1-vfyYJSHF7SXV-XJd9HJ4k7kbRSiYIHUOHpDPswt0mFwnvTbw5G6oUiH7sD0S2IfNcVMnfEYecM5cSZmDGOE9DAZTUELQL0aeAu5AOYRY_qWHPVGtrxKOucdumpFLiI7Nla7Q2nQ-HRvC02g_Hk59nJEI4VAPhpylRRIfZALte67FnxZQI_o1C57ZsZlpThTEMYfdZhoIXMSTGPtFhJBXVHqbFviWDTmakv4JSJuYAa2RiXABeWoTwakvvaV_QbwDU5Z14mk4eNiZroskQNkBpSore-iX82tofuwjc6imNCiy0rIhZLHq5fwk0F_Zk_PSFsbKWWGqDH0u0sfHwnkstiFL0hxMu0NDPcf6Q8mC-Xuv3x_7mUnvss8BKDPAJ7oae9416Ysi-pBsRBjiHOJyJoV2m3yhZ0L4kA0zMFjbDeURoBbELLDn6VvZFMhY--gY53hLAf4Y6KLtida0P7Sk8mRQdDELJq2XlpD49bGPSikZhMwMEwpfS4AsfEkzFRz4jovWmJrewywwv6egU45pcZlXEPtr_bzZTSyQObNzDGVKVAatyDDU1f5ezrPdwFmwc5Ok1jbJ8SIzXpu75Iqao090iaAN3oxlh11vcd1cW9Iz0J7_w_TSMSG28SDUf3Pd-bP1469dFi6X9Kb6Rpcy-FIWCjPSNL0Z3Yq-Zxc60hgUt7WDQp8FuRy_7O4h0GFMLv76GlEt6EJUehmBH8WvoGiFt8KS-MKQ6TCvhEr_4qDLQ5F-3xu26LilQDxdhfyyv0f3zQVW2ddTZ0WIFAU5QPHo4UWcgysA58ycmeiagWSuBEYHMM8s05rgFwylgM6lHPkP1ABSUpyFXVN2fbC_puoCqo5FbTtfP0bVH8iwmjAc5VKZFWUYDU6TuMJ4es_mGhTVqA7iUiyt3rAaSBfhiw-krljRqV9AUo68VdAHFH5vkkQVpbTGEm_5-vs5VbHwsnb1iSRz3j29ZExV5hZ0RQyMubrwJQQgPcwVEo12KUMKX69MNXwI5NM7AMGGIdK2fdL2YqytIcYLSwi5UsCXgCmEvv2jyxqdyteeQkrqZQ3odh-h82dEJwnppOezIU4frv3v5Pjj8G2-zSbQpqW1mtXuQCsThIYpyY1Jp8XH0q9j-orbE1CBSvg3tCnKuCMSbjOHhoPtNWvk2b6FkiE6p9SoU_GOaGFp7BPVH0Q_bAfewcq6j8-1ZEjo-o6xZRedKYMLmgboy--6zZosB5qLcXeQLzLLHyHcxHhsTnVWYaHH74uaTaQ_4NWN7GVK-V10iApG5DQk2OO4S8KlocnD4mVfUxdoOXPFFWqVPWSmj9XnCpPm61DGV93Lu2xZlsA-D4zpC0MVpcnzMEWbuo989sx6sd3S_PxHG_Gkkxjo4EEjRm8OZglmHrQcDyN99o4Q2CChmYgHXfx-AafjolmUMkVOVZnzDdfaVjsfk8HW3VyAvC8tK9_VGsdte5zbbj-qymYEi3gSffJNf4AbbTUGLmKLvITZB-qlg0uTsfLqX9-QOBaE7tAQMF78tiOp-iNlXwoJrEZdmujKk66u0v-lkuXwAdyd4OXVJwXLTVAdenQSWyQU-ZfpWAiS4492xc5iV32oJx_sbzA8YirNwovkH8uW0wxMTZGdDu1Zdsu-k9W_0Umdl0ZAFr80cI49GIGxkneEJcb_UTvo03C1pVjUP_uThv5hzFC0BvyfckNNWLeZYnxHMRw4fhmdjHiS0S4QWSAE7LFKXSxGscq4o_zrCJT1vIFbl_wsEPU9TIJ2zfSfOrM7uJ0eTzsCakDYVkh7_e_T6kN-tBA3TcNAWY5mnysSEJCxcAWjhnNi4S6YoCXzSQU98r0M1pM_8uweNe9Plu-Xm8dHrAF04fe1uHY030s_BBhh3BwR_AkNX2E2bsttmkfHxYftlMgzFgqM5cwIbYQbAWQA6NqsF4itVKPrHWuj6Q7s6jzQTw7Gd3R_OD9L4VfbYa8A-YVi7GD7eG1W6CapZrfwovm4xOxWUODbnRIbnWfRF0ZoKy5x4LtwzkZX_fIYXcJ5HHi6sImsh2Gblw%3D&rank=3&testVersionOverride=Buttercup%2C45803.0.0%2C44204.0.0%2C44203.0.0%2C43549.0.0%2C43550.0.0%2C31936.102311.0%2C33775.98848.1%2C38414.114301.0%2C39483.0.0%2C38427.115718.1%2C42444.0.0%2C42589.0.0%2C42876.124673.0%2C42973.0.0%2C42974.0.0%2C42975.0.0%2C42976.0.0%2C42802.125960.1%2C33739.99567.0%2C37898.109354.1%2C37930.0.0%2C37949.0.0%2C37354.0.0%2C43435.128144.0%2C44700.0.0%2C44704.134887.1&slots=&position=6&beaconIssued=&sort=RECOMMENDED&top_dp=185&top_cur=CAD&userIntent=&selectedRoomType=226555614&selectedRatePlan=250439499&expediaPropertyId=61509408
Best Western Plus Ottawa City Centre,Pool,"8.6/10Excellent(1,011 reviews)",Price is CA $177 per nightCA $177per nightCA $209 totalIncludes taxes & fees,ca.hotels.com/ho470123/best-western-plus-ottawa-city-centre-ottawa-canada/?chkin=2023-05-15&chkout=2023-05-16&x_pwa=1&rfrr=HSR&pwa_ts=1682995069543&referrerUrl=aHR0cHM6Ly9jYS5ob3RlbHMuY29tL0hvdGVsLVNlYXJjaA%3D%3D&useRewards=false&rm1=a2&regionId=4025&destination=Ottawa%2C+Ontario%2C+Canada&destType=MARKET&neighborhoodId=553248635976397796&latLong=45.42052%2C-75.69975&trackingData=AAAAAQAAAAEAAAAQlFh_SCqrIJOrWiP5hlxckZoRRMgVwIUnzTwWhzjhDVQeBi9noeKZNBkk1e3UmR-VbK6NrxF6_xGjKqhpyhfq1yNfNORmId7VlUe17aT9fTJAyAIIi3yL0P5gQxw3YEqCZE6EtRZJNhibBOdI_XnC4c5D4CxWskHY374TVn5ZYiyF3zTO4xC5ifXaKjy-oOEdzJbEIk79-cAkF5PVd4gSM2lN0bqqZ-6hJGaBT_UXhqnWYjneO8TgirPmWDjrwCh9qfCsChzpY5tAuTFKQOONMnDdkUvUCK5TgWk7s9-Wxdlzp4Ai_aqVUJmQtb9mJKsfzPP0v1jCt5nAc_TrvpkNdxsqd_ktiipwcpiFN0f_Xihm_TP0q1djzmWnwN9z6IRn4uIxnjVBn-IwIvUsQU5QSy6ZQ6Pq-RYUooC9Sbo-Qio1eDsNX-IsjF8MmcVp_F7cipmq8gfOLxoNPxt_ayugAFpvIKc8DNWA8QKom9zn528Dpcz1cm1IAzPUedkBZ3g-4loXpnLGIDE_D0GN-P4LNglieExRagcENvaQzd6cUuxsjlR_4fWto11v9fZCq7jBl0hyBF5cKyQk87bLOfQWFW-krda-yqp7TmFth6F7NLxq1f3LYgdTFxQ_LcfkXb9QPY147yTb08-CWtR61hhHLlSLRDj5KQjH9bakmSKhGeeX7KRuY4DBgCSR2wp-hB0eCDvtOV5WXmNWEKLU_HpJgeh3l1i7J5F-pIwITBSWdD1Dxaqxh-72qsGqcFZDRKxDIctbCNj28F0H_ilDhK-bjHjUbl5lpc3u42deo9BLWx5vkdTIdNt4777pzxjq1npFytQstyuGXEeOepCNwZFilpuC46qj3UKz4cXHpimwP8zdIsor1JZ4O7lTNsAuVddvSFwm52tln6K-A-5AwO7F7-cJx-T_UuAeVI33Efl45Zyw4MhOcfrUEdN0zbDqCxcA_yLMSVxazkMUeKSbX95ptggFK_TtJdmTORHTIsCcJcgAkk5auArda8r2jwFv8rqR9rxtJ745ftkhHej7h1juYy1GPzHApgoXlQ_4NOTHGz0M82cmZ-xpOysOamlN2qlQTFhJBevUANScuAmjIa7zm8ToBtq_lMfdL_P1y8P0L1Iv7TWMN9VKLApkOGVUYDE-CUNokKSGncof_5iOPSH3yvMcvCD4vwGU81N9SCH6ZQ4Tj1Uy6dvjliRUwp-habJqPRLVL2dEF9CuBsgDQyXDskUUxWjOepEzYbvhJ8wpNFuL2V-Y5cm4kJ1Z-pE4rDMKA6ElGBWs8wrQCVzpo-jZXlOFca7KrZylQ_g_wEdhbTWyV9Y2ZSiq6Kc723PvFeBZrLJGe_l4lxQPZYopHjVLJyjGoQ7v662n9HkwK4o7T01iwtSsNh4I3c3tV4b8980Aeb0qcY6S9otADHr6T5ndqUY5PwWO5TNhmtPvXFgEGZt66YLxPI9uRouZ3lIIsctAKd7KbTu2Zqx7IxIGq1yWbkCRNjOQWn2w75fi2lvhW3ON8DcgywqqzzKxoHniTW-VotcRM27CWKVBsFHRNW9fT0cOR5u5vQqqD_dgoO6XdLSO3QKsZtroT_Gd4E3Sjvzxze3Y9MPde_tyO_ZPJs9xMHGZzicGeIvvRUjztbPi-QbEKHFoHg_bIJjwuihIxzGRzSNIKAdatcu00iLONdhrfjdBUC9PYM6V0Bz7JnMhndBG6XWPY9AF-YJx-4IVmS1pzHqcTtE4b-khCM69ULQTbE0Uf1eWHbv_n1PJnLvRaZNdjJHMCOk0lAbocUFmSsocz1jTUVALy8zRiFpWoESnB-FBeu4rJ6bKH7kC_pkcS2BgVi-aYar7fLtRKcJRFMqvAT_F-BOTy1FsYqdb0Qvv0LrqTr0-A5nS_jiDtd-9wXsxh1LDDVHRigAbX_-0yzxv3aCVCnlegPgOm3SY9t38X5KyYss8_l7kI-R6xumsDYVQv2hH0OCJQ4VAjc2-GDUOBQLDYs0ehSFzVcd8OTwr2EihS3Lp1gxhrnF7IOZjTxIRphy0ezeyjeuYWOYuSkciOenIXaYkILSHWijJn6AM1jqcEtESrkkcC1CoRAN6Nstien8UI1BYXN0yIP63FKcHlH9i6nb749irpYqvOSt51pqmB__gFrHinV8ynfQpHxIEYjF_UVbdwBMymnwADjFiHCbZeyhoxqIhn_8AObuzccgr3iIiyla9bYZTT3rozgF-QxwPThNDgbSfcbU8Zqb9B3UDIZKsgytuYh0MtoJ6KevgEsk0gxpRsufWOyMpUa42LwK10ROHg1NcG_DRVZiiGPn-1oi7o35Z_erhtUG93qkNwmKl1_rGebuL2vRASarwL2up8iQJtiEQ7M6v1sB1KotphyZpbpsvqWVoqNNWVSWqb3geo4tpCEgiAolXOeVKcL565jxiw7CegU59nBQ4dxcD2YzoioNLX6MucVY6dpxi2Knw-YtEAhw-xvPJcLvVUpwDejUju8HbNTX7JWiUTbNmCe35Tf55HXbiu36VrgZEEBkal2U-Lu9KcpBxMmmvY36FzwMfigyPXahiL_rV-qmp_pGpK1vkGtdEoEpFeaHw_AbB6DbMCJTSepmrguI%3D&rank=4&testVersionOverride=Buttercup%2C45803.0.0%2C44204.0.0%2C44203.0.0%2C43549.0.0%2C43550.0.0%2C31936.102311.0%2C33775.98848.1%2C38414.114301.0%2C39483.0.0%2C38427.115718.1%2C42444.0.0%2C42589.0.0%2C42876.124673.0%2C42973.0.0%2C42974.0.0%2C42975.0.0%2C42976.0.0%2C42802.125960.1%2C33739.99567.0%2C37898.109354.1%2C37930.0.0%2C37949.0.0%2C37354.0.0%2C43435.128144.0%2C44700.0.0%2C44704.134887.1&slots=&position=7&beaconIssued=&sort=RECOMMENDED&top_dp=177&top_cur=CAD&userIntent=&selectedRoomType=201739791&selectedRatePlan=208647800&expediaPropertyId=748
Hilton Garden Inn Ottawa Airport,PoolHot tub,"8.6/10Excellent(1,365 reviews)",Price is CA $149 per nightCA $149per nightCA $175 totalIncludes taxes & fees,ca.hotels.com/ho262713/hilton-garden-inn-ottawa-airport-ottawa-canada/?chkin=2023-05-15&chkout=2023-05-16&x_pwa=1&rfrr=HSR&pwa_ts=1682995069544&referrerUrl=aHR0cHM6Ly9jYS5ob3RlbHMuY29tL0hvdGVsLVNlYXJjaA%3D%3D&useRewards=false&rm1=a2&regionId=4025&destination=Ottawa%2C+Ontario%2C+Canada&destType=MARKET&neighborhoodId=6285000&latLong=45.42052%2C-75.69975&sort=RECOMMENDED&top_dp=149&top_cur=CAD&userIntent=&selectedRoomType=409048&selectedRatePlan=272100813&expediaPropertyId=1845021
Residence & Conference Centre - Ottawa West,Kitchen,"6.8/10(1,366 reviews)",Price is CA $125 per nightCA $125per nightCA $141 totalIncludes taxes & fees,ca.hotels.com/ho321214/residence-conference-centre-ottawa-west-ottawa-canada/?chkin=2023-05-15&chkout=2023-05-16&x_pwa=1&rfrr=HSR&pwa_ts=1682995069544&referrerUrl=aHR0cHM6Ly9jYS5ob3RlbHMuY29tL0hvdGVsLVNlYXJjaA%3D%3D&useRewards=false&rm1=a2&regionId=4025&destination=Ottawa%2C+Ontario%2C+Canada&destType=MARKET&neighborhoodId=8987&latLong=45.42052%2C-75.69975&sort=RECOMMENDED&top_dp=125&top_cur=CAD&userIntent=&selectedRoomType=378552&selectedRatePlan=1267984&expediaPropertyId=2729582
Le Germain Hotel Ottawa,None,9.2/10Wonderful(699 reviews),Price is CA $399 per nightCA $399per nightCA $469 totalIncludes taxes & fees,ca.hotels.com/ho719527136/le-germain-hotel-ottawa-ottawa-canada/?chkin=2023-05-15&chkout=2023-05-16&x_pwa=1&rfrr=HSR&pwa_ts=1682995069544&referrerUrl=aHR0cHM6Ly9jYS5ob3RlbHMuY29tL0hvdGVsLVNlYXJjaA%3D%3D&useRewards=false&rm1=a2&regionId=4025&destination=Ottawa%2C+Ontario%2C+Canada&destType=MARKET&neighborhoodId=553248635976398172&latLong=45.42052%2C-75.69975&sort=RECOMMENDED&top_dp=399&top_cur=CAD&userIntent=&selectedRoomType=219921604&selectedRatePlan=286071501&expediaPropertyId=22453973
Rideau Heights Inn,Breakfast included,7.8/10Good(845 reviews),Price is CA $129 per nightCA $129per nightCA $152 totalIncludes taxes & fees,ca.hotels.com/ho423983/rideau-heights-inn-ottawa-canada/?chkin=2023-05-15&chkout=2023-05-16&x_pwa=1&rfrr=HSR&pwa_ts=1682995069544&referrerUrl=aHR0cHM6Ly9jYS5ob3RlbHMuY29tL0hvdGVsLVNlYXJjaA%3D%3D&useRewards=false&rm1=a2&regionId=4025&destination=Ottawa%2C+Ontario%2C+Canada&destType=MARKET&neighborhoodId=553248635976397216&latLong=45.42052%2C-75.69975&sort=RECOMMENDED&top_dp=129&top_cur=CAD&userIntent=&selectedRoomType=200237671&selectedRatePlan=201353375&expediaPropertyId=5588858
Cheerful and Modern ,None,9.4/10Exceptional(7 reviews),Price is CA $109 per nightCA $109per nightCA $128 totalIncludes taxes & fees,ca.hotels.com/ho2903408192/cheerful-and-modern-ottawa-canada/?chkin=2023-05-15&chkout=2023-05-16&x_pwa=1&rfrr=HSR&pwa_ts=1682995069545&referrerUrl=aHR0cHM6Ly9jYS5ob3RlbHMuY29tL0hvdGVsLVNlYXJjaA%3D%3D&useRewards=false&rm1=a2&regionId=4025&destination=Ottawa%2C+Ontario%2C+Canada&destType=MARKET&neighborhoodId=10574&latLong=45.42052%2C-75.69975&sort=RECOMMENDED&top_dp=109&top_cur=CAD&userIntent=&selectedRoomType=321683242&selectedRatePlan=389273891&expediaPropertyId=90700256
Brookstreet,Pool,"8.8/10Excellent(1,015 reviews)",Price is CA $240 per nightCA $240per nightCA $282 totalIncludes taxes & fees,ca.hotels.com/ho212912/brookstreet-ottawa-canada/?chkin=2023-05-15&chkout=2023-05-16&x_pwa=1&rfrr=HSR&pwa_ts=1682995069545&referrerUrl=aHR0cHM6Ly9jYS5ob3RlbHMuY29tL0hvdGVsLVNlYXJjaA%3D%3D&useRewards=false&rm1=a2&regionId=4025&destination=Ottawa%2C+Ontario%2C+Canada&destType=MARKET&neighborhoodId=553248635976396423&latLong=45.42052%2C-75.69975&sort=RECOMMENDED&top_dp=240&top_cur=CAD&userIntent=&selectedRoomType=315632&selectedRatePlan=950660&expediaPropertyId=917532
Andaz Ottawa Byward Market - a concept by Hyatt,None,"8.6/10Excellent(1,303 reviews)",Price is CA $325 per nightCA $325per nightCA $382 totalIncludes taxes & fees,ca.hotels.com/ho489289504/andaz-ottawa-byward-market-a-concept-by-hyatt-ottawa-canada/?chkin=2023-05-15&chkout=2023-05-16&x_pwa=1&rfrr=HSR&pwa_ts=1682995069545&referrerUrl=aHR0cHM6Ly9jYS5ob3RlbHMuY29tL0hvdGVsLVNlYXJjaA%3D%3D&useRewards=false&rm1=a2&regionId=4025&destination=Ottawa%2C+Ontario%2C+Canada&destType=MARKET&neighborhoodId=553248633981688734&latLong=45.42052%2C-75.69975&sort=RECOMMENDED&top_dp=325&top_cur=CAD&userIntent=&selectedRoomType=201561473&selectedRatePlan=298188438&expediaPropertyId=15259047
Les Suites Hotel Ottawa,PoolKitchen,"8.4/10Very good(3,260 reviews)",Price is CA $281 per nightCA $281per nightCA $330 totalIncludes taxes & fees,ca.hotels.com/ho121950/les-suites-hotel-ottawa-ottawa-canada/?chkin=2023-05-15&chkout=2023-05-16&x_pwa=1&rfrr=HSR&pwa_ts=1682995069545&referrerUrl=aHR0cHM6Ly9jYS5ob3RlbHMuY29tL0hvdGVsLVNlYXJjaA%3D%3D&useRewards=false&rm1=a2&regionId=4025&destination=Ottawa%2C+Ontario%2C+Canada&destType=MARKET&neighborhoodId=553248635976398172&latLong=45.42052%2C-75.69975&sort=RECOMMENDED&top_dp=281&top_cur=CAD&userIntent=&selectedRoomType=201027445&selectedRatePlan=248187216&expediaPropertyId=16000
The Metcalfe Hotel,None,"9.0/10Wonderful(1,004 reviews)",Price is CA $430 per nightCA $430per nightCA $505 totalIncludes taxes & feesSign in for extra savings,ca.hotels.comhttps://ca.hotels.com/user/signin?uurl=e3id%3Dredr%26rurl%3D%2FHotel-Search%3FregionId%3D4025%26destination%3DOttawa%252C%2BOntario%252C%2BCanada%26startDate%3D2023-05-15%26endDate%3D2023-05-16%26adults%3D2%26children%3D%26userIntent%3D%26sort%3DRECOMMENDED%26vip%3Dfalse%26selected%3D17749857
Mannys Place,None,10.0/10Exceptional(3 reviews),Price is CA $130 per nightCA $130per nightCA $153 totalIncludes taxes & feesSign in for extra savings,ca.hotels.comhttps://ca.hotels.com/user/signin?uurl=e3id%3Dredr%26rurl%3D%2FHotel-Search%3FregionId%3D4025%26destination%3DOttawa%252C%2BOntario%252C%2BCanada%26startDate%3D2023-05-15%26endDate%3D2023-05-16%26adults%3D2%26children%3D%26userIntent%3D%26sort%3DRECOMMENDED%26vip%3Dfalse%26selected%3D90877572
"Holiday Inn Express Hotel & Suites Ottawa West Nepean, an IHG Hotel",Breakfast includedPool,"8.6/10Excellent(1,020 reviews)",Price is CA $157 per nightCA $157per nightCA $185 totalIncludes taxes & fees,ca.hotels.com/ho332616/holiday-inn-express-hotel-suites-ottawa-west-nepean-an-ihg-hotel-ottawa-canada/?chkin=2023-05-15&chkout=2023-05-16&x_pwa=1&rfrr=HSR&pwa_ts=1682995069546&referrerUrl=aHR0cHM6Ly9jYS5ob3RlbHMuY29tL0hvdGVsLVNlYXJjaA%3D%3D&useRewards=false&rm1=a2&regionId=4025&destination=Ottawa%2C+Ontario%2C+Canada&destType=MARKET&neighborhoodId=553248635921598815&latLong=45.42052%2C-75.69975&trackingData=AAAAAQAAAAEAAAAQYWKt2Qiw4iDe8s8JltvlReV1Md6UjXV3n8aSJUjZZH9fZZvpwf0MONSdpJW2chDrPOU3b3GK19Jsgw-wlNB5nhRmWw2Dhxi2CrjB9NebPf4W9Ezt_qIW3Q284db39uAnpjwa8KxceoM4EWh3mXpCZeCqmgVgsqbx6LhYmqycaNMX8AqpmYqjA7tLAODMkVtrcZ8c3J-crCDkza2gHrpsft4W6E65Z512xqNrAYIX9RleaDLifXnTWjmhUAtb6boQApGK4W3zpsjaxZuuIMzPHLI8XfixMMT4p5NmkFAuWctF-WPRM1gnna5y9Yh67Q0GwtUa7QWR_p-Px5K5q-NA99s4CH8W3PQlWR8Ed-ikXBBSspV1pzLXBuNl6fsOZ_gZEd3yAWo6jG0WNygDU4wI0w99IAE27ZXqzr9U6kF64yyFh1_48Lr6C_ZfpwNFliIqJJPApJzjeAjfQxSZ82pzeuMhsGJ0roEiR1Bvzws5tE97D3CVAhiR0MdhBI-WriCvCBXbWG--pmgQA-QShLR4UU30Qd8cH5qDuC7tWXY1f9Hme4kttlKFj0i_SdiBo-8PfWe28pNfKIl_NHerFJIru6rS0FFoEP5axyJwz-1BMP7HZbc7GEVw_2vuyfuABBIY6dgaUgL1Ph-uMIdt2q3pUbguYYyYcVKfx1JZFCGZ5rRR0rBrwNZwzWQ8_cF0UnfP4xCVAQbh9pjdbz875uqYd7je1VhEITTX3g38J5pQPNfKEh5RoQEF25OkweklACXfnh1v1wLnDBod-lcUzQ3ntOZkQ_suNQAmuOlK3HISwyVHn-DWsP3bRt_PGXWSqWpEC09w3WZwlYd88Vuh71xab6Og4_ywLnFz4V3EJZTezgiQ_8QITWNMzckh2N6jutlSsGRXYNqdaoe0dd7QuzWr8sZZB8aWtY5WKa5rgqwmCFM2V5i5pc5R11eYgsnpOFjoGZ8juLf9YCx_w659npqaVMJEA2wEA9H3bRrJSFdw97yCgTiSNapjyWXsHhPeWxwBV_IIW9ADKNbUjh3rR_zlv5T9j9OBkwFzJd64hSnUC5FAfq_ZOMmT446YU6cqGvhwScEEoBLuNUqUor2h093t4ETun2mAYWLEAP3Yf5VppCSDCprU0aCTkHJ0P4mHScvgiuATANjdfShj1Q64MNpSF5qkwtP0MBKk6U4NHWEY_yOJH-G_IHbJ0FvC2wqYgCU-ERcFZ4zmZnm84JBBFGxB89jv1JqnU3X8xlLSiXSJB3OuZkEmrWkOgLSb3X4KoS9vk4pU3q_kMRHkXBMWPesgyGS0Kp6d3ruUhhNjCzjMS5J04A1LdrVDqdgCgtsS6eiAG_8YoMzxmsqT-X3W8JELC4mdmKzKHNapvB7EKbLYGjYGNBuXeZxpFLHrCqCFPq93dVdQangYoEdRw2u8gJFa8hGh0XESiUjyxx70d3RKX1ENkExijHLbSxw6jKdcM_jaBq8Dp9TCEZHXRyOgSHC5Ny4JfSmQPzMWxDWlYxMnvG6-Ii5cYjy7NZXpWe5M0DD8vhEluWgFMT4Kb4lR5fzRvAgOkwyh0t8pzNhe7tyEAVdrj4gQoFLZw_rLlYY4XqBT2ZzWMW-R1ksKn10XH7pbDRdyWnSOOwLQh4hHz0dGr1i3Ad_O_dNmmvvo3SuxZVA_XwUTC-QOEVfhOI2yq-HkYztR9kKQRU1pEQHfVY0tD94w9xaVnmf-VW6Lc34IfCJSdVdEi_ERK5ah3kHZaoWoGOOyRB_Oys5ff52_H8awmzHBnZaOgr8c_v0iEvb5K-9K5yZWkOuvRUHrJzwfXOGmjfIicp2mn2WYLTgAGqqI1O9r5oWYyJf9aNyz_isCL18u6YcdpUw8SpeewMGUfQmQcbrHm6iQF6hSaEfEmJZHQ2gKAoSrci4S1ab0iBA6oWW_VPSWGQTZ45IBl0ctZ2gKM-Bgz_ANpH5AQs5_kfdOmRzZhdqn6pcXPsWE3nF3IOZOtwzZaba4ywuqPMw9_vtZ4SwlsPqKnu85YgLmO69J_7o6GM53fB3JbpyT5zsQhd03QUWVkUy_CJw06RzvA90d1urPZL8oAp6sh4kSiQanMsiclyTkM4i5_isfDOvHiU2FrrvOrChgmHiPDV1SNKiyU3-kNhqfeCG8dMvdQcpMb-Lg9ZKZ5eDHUbxPkMcmDt0T6SxMOqYoEgFeD3yv36c-c2gQ3IfRU3wEc_BB9b25-a3OANZeSVqr6TBeGm2v6u5xVK_Nc0Sm3aahf-Vy3ZJh4Ek_lJLtAau_8HbhvAib5G1nX9EfEmsG5aH6Y8H9Tg0xnUFdH_mcggQ5B4fnuSe3A1jF7aIhj3FJetTmquV64Ro4Ujv7lNxm2kLZgsZi_nKQnMaBV5cvL5tlh3PCSVtMGZLTLU6DIFs9Ze34CfsJYK15tX34asvmL0jeEY1f1H_hI2ivBII7u-sXVafb6sGfLBeT8udsAEAUDGDYMYY9SF9j-mH0lXXse_CoNMvBzIGC7unVgqezd_gwEd3d9A5qvURNSeW-fmuCz-A53jhe1B5JpSHu9Lvpkw9BTDMAQbgKSnjfoy5E1SYCuN0gLKC_XoWNTlhECKzMKvYfhMXvSyo%3D&rank=5&testVersionOverride=Buttercup%2C45803.0.0%2C44204.0.0%2C44203.0.0%2C43549.0.0%2C43550.0.0%2C31936.102311.0%2C33775.98848.1%2C38414.114301.0%2C39483.0.0%2C38427.115718.1%2C42444.0.0%2C42589.0.0%2C42876.124673.0%2C42973.0.0%2C42974.0.0%2C42975.0.0%2C42976.0.0%2C42802.125960.1%2C33739.99567.0%2C37898.109354.1%2C37930.0.0%2C37949.0.0%2C37354.0.0%2C43435.128144.0%2C44700.0.0%2C44704.134887.1&slots=&position=18&beaconIssued=&sort=RECOMMENDED&top_dp=157&top_cur=CAD&userIntent=&selectedRoomType=487799&selectedRatePlan=380793422&expediaPropertyId=3004287
reStays Ottawa,None,9.4/10Exceptional(635 reviews),Price is CA $399 per nightCA $399per nightCA $469 totalIncludes taxes & feesSign in for extra savings,ca.hotels.comhttps://ca.hotels.com/user/signin?uurl=e3id%3Dredr%26rurl%3D%2FHotel-Search%3FregionId%3D4025%26destination%3DOttawa%252C%2BOntario%252C%2BCanada%26startDate%3D2023-05-15%26endDate%3D2023-05-16%26adults%3D2%26children%3D%26userIntent%3D%26sort%3DRECOMMENDED%26vip%3Dfalse%26selected%3D57577253
"Holiday Inn Express & Suites Ottawa Downtown East, an IHG Hotel",Breakfast includedPool,"8.2/10Very good(1,219 reviews)",Price is CA $180 per nightCA $180per nightCA $212 totalIncludes taxes & fees,ca.hotels.com/ho1177609504/holiday-inn-express-suites-ottawa-downtown-east-an-ihg-hotel-ottawa-canada/?chkin=2023-05-15&chkout=2023-05-16&x_pwa=1&rfrr=HSR&pwa_ts=1682995069546&referrerUrl=aHR0cHM6Ly9jYS5ob3RlbHMuY29tL0hvdGVsLVNlYXJjaA%3D%3D&useRewards=false&rm1=a2&regionId=4025&destination=Ottawa%2C+Ontario%2C+Canada&destType=MARKET&neighborhoodId=6325463&latLong=45.42052%2C-75.69975&sort=RECOMMENDED&top_dp=180&top_cur=CAD&userIntent=&selectedRoomType=213618216&selectedRatePlan=388226571&expediaPropertyId=36769047
Fairmont Chateau Laurier Gold Experience,Pool,9.2/10Wonderful(91 reviews),"10% offPrice was CA $699, price is now CA $629 per nightCA $699CA $629per nightCA $739 totalIncludes taxes & fees",ca.hotels.com/ho1192047488/fairmont-chateau-laurier-gold-experience-ottawa-canada/?chkin=2023-05-15&chkout=2023-05-16&x_pwa=1&rfrr=HSR&pwa_ts=1682995069546&referrerUrl=aHR0cHM6Ly9jYS5ob3RlbHMuY29tL0hvdGVsLVNlYXJjaA%3D%3D&useRewards=false&rm1=a2&regionId=4025&destination=Ottawa%2C+Ontario%2C+Canada&destType=MARKET&neighborhoodId=553248635976398172&latLong=45.42052%2C-75.69975&sort=RECOMMENDED&top_dp=629&top_cur=CAD&userIntent=&selectedRoomType=213619301&selectedRatePlan=244168423&expediaPropertyId=37220234
Sandman Signature Ottawa Airport Hotel,None,"8.6/10Excellent(1,004 reviews)","20% offPrice was CA $305, price is now CA $244 per nightCA $305CA $244per nightCA $287 totalIncludes taxes & fees",ca.hotels.com/ho1127861312/sandman-signature-ottawa-airport-hotel-ottawa-canada/?chkin=2023-05-15&chkout=2023-05-16&x_pwa=1&rfrr=HSR&pwa_ts=1682995069546&referrerUrl=aHR0cHM6Ly9jYS5ob3RlbHMuY29tL0hvdGVsLVNlYXJjaA%3D%3D&useRewards=false&rm1=a2&regionId=4025&destination=Ottawa%2C+Ontario%2C+Canada&destType=MARKET&neighborhoodId=553248635976397216&latLong=45.42052%2C-75.69975&sort=RECOMMENDED&top_dp=244&top_cur=CAD&userIntent=&selectedRoomType=220244139&selectedRatePlan=288179686&expediaPropertyId=35214416
Auberge McGee's Inn,Breakfast included,9.0/10Wonderful(633 reviews),Price is CA $255 per nightCA $255per nightCA $300 totalIncludes taxes & fees,ca.hotels.com/ho255187/auberge-mcgee-s-inn-ottawa-canada/?chkin=2023-05-15&chkout=2023-05-16&x_pwa=1&rfrr=HSR&pwa_ts=1682995069546&referrerUrl=aHR0cHM6Ly9jYS5ob3RlbHMuY29tL0hvdGVsLVNlYXJjaA%3D%3D&useRewards=false&rm1=a2&regionId=4025&destination=Ottawa%2C+Ontario%2C+Canada&destType=MARKET&neighborhoodId=6284998&latLong=45.42052%2C-75.69975&sort=RECOMMENDED&top_dp=255&top_cur=CAD&userIntent=&selectedRoomType=212708759&selectedRatePlan=238138635&expediaPropertyId=1675929
Ottawa Embassy Hotel & Suites,None,"8.2/10Very good(1,013 reviews)",Price is CA $299 per nightCA $299per nightCA $351 totalIncludes taxes & feesSign in for extra savings,ca.hotels.comhttps://ca.hotels.com/user/signin?uurl=e3id%3Dredr%26rurl%3D%2FHotel-Search%3FregionId%3D4025%26destination%3DOttawa%252C%2BOntario%252C%2BCanada%26startDate%3D2023-05-15%26endDate%3D2023-05-16%26adults%3D2%26children%3D%26userIntent%3D%26sort%3DRECOMMENDED%26vip%3Dfalse%26selected%3D74806
Fairmont Chateau Laurier,Pool,"8.2/10Very good(1,464 reviews)","10% offPrice was CA $459, price is now CA $413 per nightCA $459CA $413per nightCA $485 totalIncludes taxes & fees",ca.hotels.com/ho173748/fairmont-chateau-laurier-ottawa-canada/?chkin=2023-05-15&chkout=2023-05-16&x_pwa=1&rfrr=HSR&pwa_ts=1682995069547&referrerUrl=aHR0cHM6Ly9jYS5ob3RlbHMuY29tL0hvdGVsLVNlYXJjaA%3D%3D&useRewards=false&rm1=a2&regionId=4025&destination=Ottawa%2C+Ontario%2C+Canada&destType=MARKET&neighborhoodId=553248635976398172&latLong=45.42052%2C-75.69975&sort=RECOMMENDED&top_dp=413&top_cur=CAD&userIntent=&selectedRoomType=201292800&selectedRatePlan=210217311&expediaPropertyId=3283
Best Western Plus Ottawa City Centre,Pool,"8.6/10Excellent(1,011 reviews)",Price is CA $177 per nightCA $177per nightCA $209 totalIncludes taxes & fees,ca.hotels.com/ho470123/best-western-plus-ottawa-city-centre-ottawa-canada/?chkin=2023-05-15&chkout=2023-05-16&x_pwa=1&rfrr=HSR&pwa_ts=1682995069547&referrerUrl=aHR0cHM6Ly9jYS5ob3RlbHMuY29tL0hvdGVsLVNlYXJjaA%3D%3D&useRewards=false&rm1=a2&regionId=4025&destination=Ottawa%2C+Ontario%2C+Canada&destType=MARKET&neighborhoodId=553248635976397796&latLong=45.42052%2C-75.69975&sort=RECOMMENDED&top_dp=177&top_cur=CAD&userIntent=&selectedRoomType=201739791&selectedRatePlan=208647800&expediaPropertyId=748
Hyatt Place Ottawa West,Breakfast includedPool,9.0/10Wonderful(984 reviews),Price is CA $185 per nightCA $185per nightCA $217 totalIncludes taxes & fees,ca.hotels.com/ho1969301056/hyatt-place-ottawa-west-ottawa-canada/?chkin=2023-05-15&chkout=2023-05-16&x_pwa=1&rfrr=HSR&pwa_ts=1682995069547&referrerUrl=aHR0cHM6Ly9jYS5ob3RlbHMuY29tL0hvdGVsLVNlYXJjaA%3D%3D&useRewards=false&rm1=a2&regionId=4025&destination=Ottawa%2C+Ontario%2C+Canada&destType=MARKET&neighborhoodId=8987&latLong=45.42052%2C-75.69975&sort=RECOMMENDED&top_dp=185&top_cur=CAD&userIntent=&selectedRoomType=226555614&selectedRatePlan=250439499&expediaPropertyId=61509408
Byward Suites,None,6.4/10(22 reviews),Price is CA $149 per nightCA $149per nightCA $175 totalIncludes taxes & feesSign in for extra savings,ca.hotels.comhttps://ca.hotels.com/user/signin?uurl=e3id%3Dredr%26rurl%3D%2FHotel-Search%3FregionId%3D4025%26destination%3DOttawa%252C%2BOntario%252C%2BCanada%26startDate%3D2023-05-15%26endDate%3D2023-05-16%26adults%3D2%26children%3D%26userIntent%3D%26sort%3DRECOMMENDED%26vip%3Dfalse%26selected%3D78232256
GLō Best Western Kanata Ottawa West,Breakfast included,8.6/10Excellent(625 reviews),Price is CA $166 per nightCA $166per nightCA $196 totalIncludes taxes & fees,ca.hotels.com/ho882618496/glo-best-western-kanata-ottawa-west-ottawa-canada/?chkin=2023-05-15&chkout=2023-05-16&x_pwa=1&rfrr=HSR&pwa_ts=1682995069548&referrerUrl=aHR0cHM6Ly9jYS5ob3RlbHMuY29tL0hvdGVsLVNlYXJjaA%3D%3D&useRewards=false&rm1=a2&regionId=4025&destination=Ottawa%2C+Ontario%2C+Canada&destType=MARKET&neighborhoodId=6057858&latLong=45.42052%2C-75.69975&sort=RECOMMENDED&top_dp=166&top_cur=CAD&userIntent=&selectedRoomType=216615234&selectedRatePlan=264053632&expediaPropertyId=27550578
Microtel Inn & Suites by Wyndham Kanata Ottawa West,Breakfast included,8.6/10Excellent(176 reviews),Price is CA $152 per nightCA $152per nightCA $179 totalIncludes taxes & fees,ca.hotels.com/ho2321835040/microtel-inn-suites-by-wyndham-kanata-kanata-canada/?chkin=2023-05-15&chkout=2023-05-16&x_pwa=1&rfrr=HSR&pwa_ts=1682995069548&referrerUrl=aHR0cHM6Ly9jYS5ob3RlbHMuY29tL0hvdGVsLVNlYXJjaA%3D%3D&useRewards=false&rm1=a2&regionId=4025&destination=Ottawa%2C+Ontario%2C+Canada&destType=MARKET&neighborhoodId=553248635976396423&latLong=45.42052%2C-75.69975&sort=RECOMMENDED&top_dp=152&top_cur=CAD&userIntent=&selectedRoomType=315767368&selectedRatePlan=384617918&expediaPropertyId=72526095
"Holiday Inn Express Hotel & Suites Ottawa West Nepean, an IHG Hotel",Breakfast includedPool,"8.6/10Excellent(1,020 reviews)",Price is CA $157 per nightCA $157per nightCA $185 totalIncludes taxes & fees,ca.hotels.com/ho332616/holiday-inn-express-hotel-suites-ottawa-west-nepean-an-ihg-hotel-ottawa-canada/?chkin=2023-05-15&chkout=2023-05-16&x_pwa=1&rfrr=HSR&pwa_ts=1682995069548&referrerUrl=aHR0cHM6Ly9jYS5ob3RlbHMuY29tL0hvdGVsLVNlYXJjaA%3D%3D&useRewards=false&rm1=a2&regionId=4025&destination=Ottawa%2C+Ontario%2C+Canada&destType=MARKET&neighborhoodId=553248635921598815&latLong=45.42052%2C-75.69975&sort=RECOMMENDED&top_dp=157&top_cur=CAD&userIntent=&selectedRoomType=487799&selectedRatePlan=380793422&expediaPropertyId=3004287
Hampton Inn by Hilton Ottawa,Breakfast includedPool,"9.2/10Wonderful(1,028 reviews)",Price is CA $169 per nightCA $169per nightCA $199 totalIncludes taxes & fees,ca.hotels.com/ho153322/hampton-inn-by-hilton-ottawa-ottawa-canada/?chkin=2023-05-15&chkout=2023-05-16&x_pwa=1&rfrr=HSR&pwa_ts=1682995069548&referrerUrl=aHR0cHM6Ly9jYS5ob3RlbHMuY29tL0hvdGVsLVNlYXJjaA%3D%3D&useRewards=false&rm1=a2&regionId=4025&destination=Ottawa%2C+Ontario%2C+Canada&destType=MARKET&latLong=45.42052%2C-75.69975&sort=RECOMMENDED&top_dp=169&top_cur=CAD&userIntent=&selectedRoomType=416258&selectedRatePlan=238075161&expediaPropertyId=437235
A Voyageur's Guest House,None,6.2/10(383 reviews),Price is CA $79 per nightCA $79per nightCA $95 totalIncludes taxes & fees,ca.hotels.com/ho480627/a-voyageur-s-guest-house-ottawa-canada/?chkin=2023-05-15&chkout=2023-05-16&x_pwa=1&rfrr=HSR&pwa_ts=1682995069548&referrerUrl=aHR0cHM6Ly9jYS5ob3RlbHMuY29tL0hvdGVsLVNlYXJjaA%3D%3D&useRewards=false&rm1=a2&regionId=4025&destination=Ottawa%2C+Ontario%2C+Canada&destType=MARKET&neighborhoodId=6281347&latLong=45.42052%2C-75.69975&sort=RECOMMENDED&top_dp=79&top_cur=CAD&userIntent=&selectedRoomType=200828236&selectedRatePlan=204175097&expediaPropertyId=9429068
"Holiday Inn Ottawa East, an IHG Hotel",Pool,"7.6/10Good(1,131 reviews)",Price is CA $184 per nightCA $184per nightCA $217 totalIncludes taxes & fees,ca.hotels.com/ho111314/holiday-inn-ottawa-east-an-ihg-hotel-ottawa-canada/?chkin=2023-05-15&chkout=2023-05-16&x_pwa=1&rfrr=HSR&pwa_ts=1682995069549&referrerUrl=aHR0cHM6Ly9jYS5ob3RlbHMuY29tL0hvdGVsLVNlYXJjaA%3D%3D&useRewards=false&rm1=a2&regionId=4025&destination=Ottawa%2C+Ontario%2C+Canada&destType=MARKET&neighborhoodId=553248635976394550&latLong=45.42052%2C-75.69975&sort=RECOMMENDED&top_dp=184&top_cur=CAD&userIntent=&selectedRoomType=201321593&selectedRatePlan=380243191&expediaPropertyId=7853
Comfort Inn Ottawa West Kanata,Breakfast included,"8.0/10Very good(1,025 reviews)",Price is CA $151 per nightCA $151per nightCA $178 totalIncludes taxes & fees,ca.hotels.com/ho138002/comfort-inn-ottawa-west-kanata-ottawa-canada/?chkin=2023-05-15&chkout=2023-05-16&x_pwa=1&rfrr=HSR&pwa_ts=1682995069549&referrerUrl=aHR0cHM6Ly9jYS5ob3RlbHMuY29tL0hvdGVsLVNlYXJjaA%3D%3D&useRewards=false&rm1=a2&regionId=4025&destination=Ottawa%2C+Ontario%2C+Canada&destType=MARKET&neighborhoodId=6057858&latLong=45.42052%2C-75.69975&sort=RECOMMENDED&top_dp=151&top_cur=CAD&userIntent=&selectedRoomType=314086201&selectedRatePlan=383270782&expediaPropertyId=7796
Days Inn by Wyndham Ottawa Airport,Pool,"8.0/10Very good(1,020 reviews)",Price is CA $172 per nightCA $172per nightCA $202 totalIncludes taxes & fees,ca.hotels.com/ho203891/days-inn-by-wyndham-ottawa-airport-ottawa-canada/?chkin=2023-05-15&chkout=2023-05-16&x_pwa=1&rfrr=HSR&pwa_ts=1682995069549&referrerUrl=aHR0cHM6Ly9jYS5ob3RlbHMuY29tL0hvdGVsLVNlYXJjaA%3D%3D&useRewards=false&rm1=a2&regionId=4025&destination=Ottawa%2C+Ontario%2C+Canada&destType=MARKET&neighborhoodId=6285000&latLong=45.42052%2C-75.69975&sort=RECOMMENDED&top_dp=172&top_cur=CAD&userIntent=&selectedRoomType=508198&selectedRatePlan=2076622&expediaPropertyId=889974
Courtyard by Marriott Ottawa East,PoolHot tub,"9.0/10Wonderful(1,003 reviews)",Price is CA $197 per nightCA $197per nightCA $232 totalIncludes taxes & fees,ca.hotels.com/ho395722/courtyard-by-marriott-ottawa-east-ottawa-canada/?chkin=2023-05-15&chkout=2023-05-16&x_pwa=1&rfrr=HSR&pwa_ts=1682995069549&referrerUrl=aHR0cHM6Ly9jYS5ob3RlbHMuY29tL0hvdGVsLVNlYXJjaA%3D%3D&useRewards=false&rm1=a2&regionId=4025&destination=Ottawa%2C+Ontario%2C+Canada&destType=MARKET&latLong=45.42052%2C-75.69975&sort=RECOMMENDED&top_dp=197&top_cur=CAD&userIntent=&selectedRoomType=200141869&selectedRatePlan=234277774&expediaPropertyId=4683483
Homewood Suites By Hilton Ottawa Airport,Breakfast includedPool,"9.4/10Exceptional(1,005 reviews)",Price is CA $169 per nightCA $169per nightCA $199 totalIncludes taxes & fees,ca.hotels.com/ho727832160/homewood-suites-by-hilton-ottawa-airport-ottawa-canada/?chkin=2023-05-15&chkout=2023-05-16&x_pwa=1&rfrr=HSR&pwa_ts=1682995069549&referrerUrl=aHR0cHM6Ly9jYS5ob3RlbHMuY29tL0hvdGVsLVNlYXJjaA%3D%3D&useRewards=false&rm1=a2&regionId=4025&destination=Ottawa%2C+Ontario%2C+Canada&destType=MARKET&neighborhoodId=6285000&latLong=45.42052%2C-75.69975&sort=RECOMMENDED&top_dp=169&top_cur=CAD&userIntent=&selectedRoomType=220503459&selectedRatePlan=290113528&expediaPropertyId=22713505
"Holiday Inn Express Hotel & Suites Ottawa Airport, an IHG Hotel",Breakfast includedPool,8.6/10Excellent(984 reviews),Price is CA $169 per nightCA $169per nightCA $199 totalIncludes taxes & fees,ca.hotels.com/ho270694/holiday-inn-express-hotel-suites-ottawa-airport-an-ihg-hotel-ottawa-canada/?chkin=2023-05-15&chkout=2023-05-16&x_pwa=1&rfrr=HSR&pwa_ts=1682995069549&referrerUrl=aHR0cHM6Ly9jYS5ob3RlbHMuY29tL0hvdGVsLVNlYXJjaA%3D%3D&useRewards=false&rm1=a2&regionId=4025&destination=Ottawa%2C+Ontario%2C+Canada&destType=MARKET&neighborhoodId=6285000&latLong=45.42052%2C-75.69975&sort=RECOMMENDED&top_dp=169&top_cur=CAD&userIntent=&selectedRoomType=343609&selectedRatePlan=380590759&expediaPropertyId=2025458
Single family home,Kitchen,,Price is CA $500 per nightCA $500per nightCA $738 totalIncludes taxes & feesSign in for extra savings,ca.hotels.comhttps://ca.hotels.com/user/signin?uurl=e3id%3Dredr%26rurl%3D%2FHotel-Search%3FregionId%3D4025%26destination%3DOttawa%252C%2BOntario%252C%2BCanada%26startDate%3D2023-05-15%26endDate%3D2023-05-16%26adults%3D2%26children%3D%26userIntent%3D%26sort%3DRECOMMENDED%26vip%3Dfalse%26selected%3D91706637
Days Inn by Wyndham Ottawa West,Breakfast included,"8.0/10Very good(1,004 reviews)",Price is CA $145 per nightCA $145per nightCA $170 totalIncludes taxes & fees,ca.hotels.com/ho217242/days-inn-by-wyndham-ottawa-west-ottawa-canada/?chkin=2023-05-15&chkout=2023-05-16&x_pwa=1&rfrr=HSR&pwa_ts=1682995069550&referrerUrl=aHR0cHM6Ly9jYS5ob3RlbHMuY29tL0hvdGVsLVNlYXJjaA%3D%3D&useRewards=false&rm1=a2&regionId=4025&destination=Ottawa%2C+Ontario%2C+Canada&destType=MARKET&neighborhoodId=8987&latLong=45.42052%2C-75.69975&sort=RECOMMENDED&top_dp=145&top_cur=CAD&userIntent=&selectedRoomType=411709&selectedRatePlan=1414328&expediaPropertyId=10439
Best Western Plus Ottawa/Kanata Hotel & Conference Centre,Pool,"7.6/10Good(1,000 reviews)",Price is CA $149 per nightCA $149per nightCA $175 totalIncludes taxes & fees,ca.hotels.com/ho180712/best-western-plus-ottawa-kanata-hotel-conference-centre-ottawa-canada/?chkin=2023-05-15&chkout=2023-05-16&x_pwa=1&rfrr=HSR&pwa_ts=1682995069550&referrerUrl=aHR0cHM6Ly9jYS5ob3RlbHMuY29tL0hvdGVsLVNlYXJjaA%3D%3D&useRewards=false&rm1=a2&regionId=4025&destination=Ottawa%2C+Ontario%2C+Canada&destType=MARKET&neighborhoodId=553248635921598815&latLong=45.42052%2C-75.69975&sort=RECOMMENDED&top_dp=149&top_cur=CAD&userIntent=&selectedRoomType=200920675&selectedRatePlan=204647589&expediaPropertyId=18135
Rideau Inn,None,8.6/10Excellent(153 reviews),Price is CA $179 per nightCA $179per nightCA $210 totalIncludes taxes & fees,ca.hotels.com/ho511647/rideau-inn-ottawa-canada/?chkin=2023-05-15&chkout=2023-05-16&x_pwa=1&rfrr=HSR&pwa_ts=1682995069550&referrerUrl=aHR0cHM6Ly9jYS5ob3RlbHMuY29tL0hvdGVsLVNlYXJjaA%3D%3D&useRewards=false&rm1=a2&regionId=4025&destination=Ottawa%2C+Ontario%2C+Canada&destType=MARKET&neighborhoodId=6281393&latLong=45.42052%2C-75.69975&sort=RECOMMENDED&top_dp=179&top_cur=CAD&userIntent=&selectedRoomType=201943179&selectedRatePlan=209920074&expediaPropertyId=73546
"Hampton Inn by Hilton Ottawa Airport, ON, CN",Breakfast includedPool,"9.0/10Wonderful(1,015 reviews)",Price is CA $161 per nightCA $161per nightCA $189 totalIncludes taxes & fees,ca.hotels.com/ho527700/hampton-inn-by-hilton-ottawa-airport-on-cn-ottawa-canada/?chkin=2023-05-15&chkout=2023-05-16&x_pwa=1&rfrr=HSR&pwa_ts=1682995069550&referrerUrl=aHR0cHM6Ly9jYS5ob3RlbHMuY29tL0hvdGVsLVNlYXJjaA%3D%3D&useRewards=false&rm1=a2&regionId=4025&destination=Ottawa%2C+Ontario%2C+Canada&destType=MARKET&neighborhoodId=6285000&latLong=45.42052%2C-75.69975&sort=RECOMMENDED&top_dp=161&top_cur=CAD&userIntent=&selectedRoomType=201112143&selectedRatePlan=270054201&expediaPropertyId=11222271
Days Inn by Wyndham Ottawa,None,"7.4/10Good(1,022 reviews)",Price is CA $166 per nightCA $166per nightCA $195 totalIncludes taxes & fees,ca.hotels.com/ho130965/days-inn-by-wyndham-ottawa-ottawa-canada/?chkin=2023-05-15&chkout=2023-05-16&x_pwa=1&rfrr=HSR&pwa_ts=1682995069550&referrerUrl=aHR0cHM6Ly9jYS5ob3RlbHMuY29tL0hvdGVsLVNlYXJjaA%3D%3D&useRewards=false&rm1=a2&regionId=4025&destination=Ottawa%2C+Ontario%2C+Canada&destType=MARKET&neighborhoodId=6325463&latLong=45.42052%2C-75.69975&sort=RECOMMENDED&top_dp=166&top_cur=CAD&userIntent=&selectedRoomType=91356&selectedRatePlan=384949464&expediaPropertyId=16414
Ramada by Wyndham Ottawa On The Rideau,Breakfast includedPoolHot tub,"7.8/10Good(1,011 reviews)",Price is CA $169 per nightCA $169per nightCA $199 totalIncludes taxes & fees,ca.hotels.com/ho135778/ramada-by-wyndham-ottawa-on-the-rideau-ottawa-canada/?chkin=2023-05-15&chkout=2023-05-16&x_pwa=1&rfrr=HSR&pwa_ts=1682995069550&referrerUrl=aHR0cHM6Ly9jYS5ob3RlbHMuY29tL0hvdGVsLVNlYXJjaA%3D%3D&useRewards=false&rm1=a2&regionId=4025&destination=Ottawa%2C+Ontario%2C+Canada&destType=MARKET&neighborhoodId=553248635976397216&latLong=45.42052%2C-75.69975&sort=RECOMMENDED&top_dp=169&top_cur=CAD&userIntent=&selectedRoomType=200813569&selectedRatePlan=204083759&expediaPropertyId=42500
Hampton Inn & Suites Ottawa West,Pool,9.2/10Wonderful(596 reviews),Price is CA $152 per nightCA $152per nightCA $179 totalIncludes taxes & fees,ca.hotels.com/ho1841516416/hampton-inn-suites-ottawa-west-ottawa-canada/?chkin=2023-05-15&chkout=2023-05-16&x_pwa=1&rfrr=HSR&pwa_ts=1682995069551&referrerUrl=aHR0cHM6Ly9jYS5ob3RlbHMuY29tL0hvdGVsLVNlYXJjaA%3D%3D&useRewards=false&rm1=a2&regionId=4025&destination=Ottawa%2C+Ontario%2C+Canada&destType=MARKET&neighborhoodId=553248635976007688&latLong=45.42052%2C-75.69975&sort=RECOMMENDED&top_dp=152&top_cur=CAD&userIntent=&selectedRoomType=226546838&selectedRatePlan=250420833&expediaPropertyId=57516138
Wingate by Wyndham Kanata West Ottawa,Breakfast includedPoolHot tub,"8.8/10Excellent(1,038 reviews)",Price is CA $189 per nightCA $189per nightCA $222 totalIncludes taxes & fees,ca.hotels.com/ho1361674336/wingate-by-wyndham-kanata-west-ottawa-ottawa-canada/?chkin=2023-05-15&chkout=2023-05-16&x_pwa=1&rfrr=HSR&pwa_ts=1682995069550&referrerUrl=aHR0cHM6Ly9jYS5ob3RlbHMuY29tL0hvdGVsLVNlYXJjaA%3D%3D&useRewards=false&rm1=a2&regionId=4025&destination=Ottawa%2C+Ontario%2C+Canada&destType=MARKET&neighborhoodId=722189225440333824&latLong=45.42052%2C-75.69975&sort=RECOMMENDED&top_dp=189&top_cur=CAD&userIntent=&selectedRoomType=230715198&selectedRatePlan=278303462&expediaPropertyId=42521073
Travelodge by Wyndham Ottawa East,Pool,"7.4/10Good(1,012 reviews)",Price is CA $156 per nightCA $156per nightCA $184 totalIncludes taxes & feesSign in for extra savings,ca.hotels.comhttps://ca.hotels.com/user/signin?uurl=e3id%3Dredr%26rurl%3D%2FHotel-Search%3FregionId%3D4025%26destination%3DOttawa%252C%2BOntario%252C%2BCanada%26startDate%3D2023-05-15%26endDate%3D2023-05-16%26adults%3D2%26children%3D%26userIntent%3D%26sort%3DRECOMMENDED%26vip%3Dfalse%26selected%3D3818
"Holiday Inn Express & Suites Ottawa East - Orleans, an IHG Hotel",Breakfast includedPool,"9.0/10Wonderful(1,009 reviews)",Price is CA $174 per nightCA $174per nightCA $204 totalIncludes taxes & fees,ca.hotels.com/ho471953/holiday-inn-express-suites-ottawa-east-orleans-an-ihg-hotel-ottawa-canada/?chkin=2023-05-15&chkout=2023-05-16&x_pwa=1&rfrr=HSR&pwa_ts=1682995069551&referrerUrl=aHR0cHM6Ly9jYS5ob3RlbHMuY29tL0hvdGVsLVNlYXJjaA%3D%3D&useRewards=false&rm1=a2&regionId=4025&destination=Ottawa%2C+Ontario%2C+Canada&destType=MARKET&neighborhoodId=59205&latLong=45.42052%2C-75.69975&sort=RECOMMENDED&top_dp=174&top_cur=CAD&userIntent=&selectedRoomType=200765613&selectedRatePlan=380385904&expediaPropertyId=8836083
Novotel Ottawa City Centre,Pool,"8.4/10Very good(1,014 reviews)",Price is CA $369 per nightCA $369per nightCA $434 totalIncludes taxes & fees,ca.hotels.com/ho116553/novotel-ottawa-city-centre-ottawa-canada/?chkin=2023-05-15&chkout=2023-05-16&x_pwa=1&rfrr=HSR&pwa_ts=1682995069551&referrerUrl=aHR0cHM6Ly9jYS5ob3RlbHMuY29tL0hvdGVsLVNlYXJjaA%3D%3D&useRewards=false&rm1=a2&regionId=4025&destination=Ottawa%2C+Ontario%2C+Canada&destType=MARKET&neighborhoodId=553248635976398172&latLong=45.42052%2C-75.69975&sort=RECOMMENDED&top_dp=369&top_cur=CAD&userIntent=&selectedRoomType=321291724&selectedRatePlan=388517261&expediaPropertyId=15653
"Holiday Inn Hotel & Suites Ottawa Kanata, an IHG Hotel",Pool,"8.6/10Excellent(1,004 reviews)",Price is CA $198 per nightCA $198per nightCA $233 totalIncludes taxes & fees,ca.hotels.com/ho204197/holiday-inn-hotel-suites-ottawa-kanata-an-ihg-hotel-ottawa-canada/?chkin=2023-05-15&chkout=2023-05-16&x_pwa=1&rfrr=HSR&pwa_ts=1682995069552&referrerUrl=aHR0cHM6Ly9jYS5ob3RlbHMuY29tL0hvdGVsLVNlYXJjaA%3D%3D&useRewards=false&rm1=a2&regionId=4025&destination=Ottawa%2C+Ontario%2C+Canada&destType=MARKET&neighborhoodId=6057858&latLong=45.42052%2C-75.69975&sort=RECOMMENDED&top_dp=198&top_cur=CAD&userIntent=&selectedRoomType=251071&selectedRatePlan=380739954&expediaPropertyId=424243
Townhouse Club,None,4.0/10(1 review),Price is CA $105 per nightCA $105per nightCA $123 totalIncludes taxes & fees,ca.hotels.com/ho2838299488/townhouse-club-ottawa-canada/?chkin=2023-05-15&chkout=2023-05-16&x_pwa=1&rfrr=HSR&pwa_ts=1682995069552&referrerUrl=aHR0cHM6Ly9jYS5ob3RlbHMuY29tL0hvdGVsLVNlYXJjaA%3D%3D&useRewards=false&rm1=a2&regionId=4025&destination=Ottawa%2C+Ontario%2C+Canada&destType=MARKET&neighborhoodId=3000451631&latLong=45.42052%2C-75.69975&sort=RECOMMENDED&top_dp=105&top_cur=CAD&userIntent=&selectedRoomType=321474948&selectedRatePlan=388911560&expediaPropertyId=88665609
Sheraton Ottawa Hotel,Pool,"8.6/10Excellent(1,009 reviews)",Price is CA $341 per nightCA $341per nightCA $401 totalIncludes taxes & fees,ca.hotels.com/ho115069/sheraton-ottawa-hotel-ottawa-canada/?chkin=2023-05-15&chkout=2023-05-16&x_pwa=1&rfrr=HSR&pwa_ts=1682995069552&referrerUrl=aHR0cHM6Ly9jYS5ob3RlbHMuY29tL0hvdGVsLVNlYXJjaA%3D%3D&useRewards=false&rm1=a2&regionId=4025&destination=Ottawa%2C+Ontario%2C+Canada&destType=MARKET&neighborhoodId=553248635976398172&latLong=45.42052%2C-75.69975&sort=RECOMMENDED&top_dp=341&top_cur=CAD&userIntent=&selectedRoomType=218428786&selectedRatePlan=387752797&expediaPropertyId=20886
Homewood Suites by Hilton Ottawa Kanata,Breakfast includedPool,9.2/10Wonderful(965 reviews),Price is CA $173 per nightCA $173per nightCA $203 totalIncludes taxes & fees,ca.hotels.com/ho626948288/homewood-suites-by-hilton-ottawa-kanata-ottawa-canada/?chkin=2023-05-15&chkout=2023-05-16&x_pwa=1&rfrr=HSR&pwa_ts=1682995069552&referrerUrl=aHR0cHM6Ly9jYS5ob3RlbHMuY29tL0hvdGVsLVNlYXJjaA%3D%3D&useRewards=false&rm1=a2&regionId=4025&destination=Ottawa%2C+Ontario%2C+Canada&destType=MARKET&neighborhoodId=6057858&latLong=45.42052%2C-75.69975&sort=RECOMMENDED&top_dp=173&top_cur=CAD&userIntent=&selectedRoomType=202185414&selectedRatePlan=284221293&expediaPropertyId=19560884
Fairfield Inn & Suites by Marriott Ottawa Kanata,Breakfast includedPool,8.6/10Excellent(951 reviews),Price is CA $170 per nightCA $170per nightCA $200 totalIncludes taxes & fees,ca.hotels.com/ho204271/fairfield-inn-suites-by-marriott-ottawa-kanata-ottawa-canada/?chkin=2023-05-15&chkout=2023-05-16&x_pwa=1&rfrr=HSR&pwa_ts=1682995069552&referrerUrl=aHR0cHM6Ly9jYS5ob3RlbHMuY29tL0hvdGVsLVNlYXJjaA%3D%3D&useRewards=false&rm1=a2&regionId=4025&destination=Ottawa%2C+Ontario%2C+Canada&destType=MARKET&neighborhoodId=553248635976396423&latLong=45.42052%2C-75.69975&sort=RECOMMENDED&top_dp=170&top_cur=CAD&userIntent=&selectedRoomType=201384707&selectedRatePlan=230305337&expediaPropertyId=891243
Courtyard by Marriott Downtown Ottawa,Pool,"8.6/10Excellent(1,017 reviews)",Price is CA $256 per nightCA $256per nightCA $300 totalIncludes taxes & fees,ca.hotels.com/ho107068/courtyard-by-marriott-downtown-ottawa-ottawa-canada/?chkin=2023-05-15&chkout=2023-05-16&x_pwa=1&rfrr=HSR&pwa_ts=1682995069552&referrerUrl=aHR0cHM6Ly9jYS5ob3RlbHMuY29tL0hvdGVsLVNlYXJjaA%3D%3D&useRewards=false&rm1=a2&regionId=4025&destination=Ottawa%2C+Ontario%2C+Canada&destType=MARKET&neighborhoodId=553248633981688734&latLong=45.42052%2C-75.69975&sort=RECOMMENDED&top_dp=256&top_cur=CAD&userIntent=&selectedRoomType=39468&selectedRatePlan=387102172&expediaPropertyId=431338
Henia's Inn,None,9.2/10Wonderful(203 reviews),"11% offPrice was CA $108, price is now CA $97 per nightCA $108CA $97per nightCA $114 totalIncludes taxes & fees",ca.hotels.com/ho1180611488/henia-s-inn-ottawa-canada/?chkin=2023-05-15&chkout=2023-05-16&x_pwa=1&rfrr=HSR&pwa_ts=1682995069553&referrerUrl=aHR0cHM6Ly9jYS5ob3RlbHMuY29tL0hvdGVsLVNlYXJjaA%3D%3D&useRewards=false&rm1=a2&regionId=4025&destination=Ottawa%2C+Ontario%2C+Canada&destType=MARKET&neighborhoodId=505691&latLong=45.42052%2C-75.69975&sort=RECOMMENDED&top_dp=97&top_cur=CAD&userIntent=&selectedRoomType=216642000&selectedRatePlan=264179985&expediaPropertyId=36862859
The Westin Ottawa,Pool,"8.6/10Excellent(1,015 reviews)",Price is CA $399 per nightCA $399per nightCA $469 totalIncludes taxes & fees,ca.hotels.com/ho105324/the-westin-ottawa-ottawa-canada/?chkin=2023-05-15&chkout=2023-05-16&x_pwa=1&rfrr=HSR&pwa_ts=1682995069553&referrerUrl=aHR0cHM6Ly9jYS5ob3RlbHMuY29tL0hvdGVsLVNlYXJjaA%3D%3D&useRewards=false&rm1=a2&regionId=4025&destination=Ottawa%2C+Ontario%2C+Canada&destType=MARKET&neighborhoodId=553248635976398172&latLong=45.42052%2C-75.69975&sort=RECOMMENDED&top_dp=399&top_cur=CAD&userIntent=&selectedRoomType=211804512&selectedRatePlan=232102016&expediaPropertyId=9572
Quality Inn Orleans,PoolHot tub,7.0/10Good(892 reviews),Price is CA $140 per nightCA $140per nightCA $165 totalIncludes taxes & fees,ca.hotels.com/ho386685/quality-inn-orleans-ottawa-canada/?chkin=2023-05-15&chkout=2023-05-16&x_pwa=1&rfrr=HSR&pwa_ts=1682995069553&referrerUrl=aHR0cHM6Ly9jYS5ob3RlbHMuY29tL0hvdGVsLVNlYXJjaA%3D%3D&useRewards=false&rm1=a2&regionId=4025&destination=Ottawa%2C+Ontario%2C+Canada&destType=MARKET&neighborhoodId=59205&latLong=45.42052%2C-75.69975&sort=RECOMMENDED&top_dp=140&top_cur=CAD&userIntent=&selectedRoomType=200141624&selectedRatePlan=383274233&expediaPropertyId=4468641
Comfort Inn Ottawa East,Breakfast included,7.0/10Good(864 reviews),Price is CA $180 per nightCA $180per nightCA $211 totalIncludes taxes & fees,ca.hotels.com/ho133268/comfort-inn-ottawa-east-ottawa-canada/?chkin=2023-05-15&chkout=2023-05-16&x_pwa=1&rfrr=HSR&pwa_ts=1682995069553&referrerUrl=aHR0cHM6Ly9jYS5ob3RlbHMuY29tL0hvdGVsLVNlYXJjaA%3D%3D&useRewards=false&rm1=a2&regionId=4025&destination=Ottawa%2C+Ontario%2C+Canada&destType=MARKET&neighborhoodId=553248635976394550&latLong=45.42052%2C-75.69975&sort=RECOMMENDED&top_dp=180&top_cur=CAD&userIntent=&selectedRoomType=211215263&selectedRatePlan=383273836&expediaPropertyId=9892
Delta Hotels by Marriott Ottawa City Centre,Pool,"8.4/10Very good(1,009 reviews)",Price is CA $323 per nightCA $323per nightCA $380 totalIncludes taxes & fees,ca.hotels.com/ho115210/delta-hotels-by-marriott-ottawa-city-centre-ottawa-canada/?chkin=2023-05-15&chkout=2023-05-16&x_pwa=1&rfrr=HSR&pwa_ts=1682995069553&referrerUrl=aHR0cHM6Ly9jYS5ob3RlbHMuY29tL0hvdGVsLVNlYXJjaA%3D%3D&useRewards=false&rm1=a2&regionId=4025&destination=Ottawa%2C+Ontario%2C+Canada&destType=MARKET&neighborhoodId=553248635976398172&latLong=45.42052%2C-75.69975&sort=RECOMMENDED&top_dp=323&top_cur=CAD&userIntent=&selectedRoomType=201241440&selectedRatePlan=384513618&expediaPropertyId=21477
The Stay Lounge,None,,Price is CA $86 per nightCA $86per nightCA $100 totalIncludes taxes & feesSign in for extra savings,ca.hotels.comhttps://ca.hotels.com/user/signin?uurl=e3id%3Dredr%26rurl%3D%2FHotel-Search%3FregionId%3D4025%26destination%3DOttawa%252C%2BOntario%252C%2BCanada%26startDate%3D2023-05-15%26endDate%3D2023-05-16%26adults%3D2%26children%3D%26userIntent%3D%26sort%3DRECOMMENDED%26vip%3Dfalse%26selected%3D92400567
TownePlace Suites by Marriott Ottawa Kanata,Breakfast includedPool,9.0/10Wonderful(504 reviews),Price is CA $179 per nightCA $179per nightCA $210 totalIncludes taxes & fees,ca.hotels.com/ho392795104/towneplace-suites-by-marriott-ottawa-kanata-ottawa-canada/?chkin=2023-05-15&chkout=2023-05-16&x_pwa=1&rfrr=HSR&pwa_ts=1682995069554&referrerUrl=aHR0cHM6Ly9jYS5ob3RlbHMuY29tL0hvdGVsLVNlYXJjaA%3D%3D&useRewards=false&rm1=a2&regionId=4025&destination=Ottawa%2C+Ontario%2C+Canada&destType=MARKET&neighborhoodId=6057858&latLong=45.42052%2C-75.69975&sort=RECOMMENDED&top_dp=179&top_cur=CAD&userIntent=&selectedRoomType=201395822&selectedRatePlan=292412402&expediaPropertyId=12243597
Hilton Garden Inn Ottawa Downtown,Pool,8.4/10Very good(790 reviews),Price is CA $291 per nightCA $291per nightCA $342 totalIncludes taxes & fees,ca.hotels.com/ho129624/hilton-garden-inn-ottawa-downtown-ottawa-canada/?chkin=2023-05-15&chkout=2023-05-16&x_pwa=1&rfrr=HSR&pwa_ts=1682995069554&referrerUrl=aHR0cHM6Ly9jYS5ob3RlbHMuY29tL0hvdGVsLVNlYXJjaA%3D%3D&useRewards=false&rm1=a2&regionId=4025&destination=Ottawa%2C+Ontario%2C+Canada&destType=MARKET&neighborhoodId=553248635976398172&latLong=45.42052%2C-75.69975&sort=RECOMMENDED&top_dp=291&top_cur=CAD&userIntent=&selectedRoomType=213600668&selectedRatePlan=244076369&expediaPropertyId=27993
Ottawa Marriott Hotel,Pool,"8.2/10Very good(1,002 reviews)",Price is CA $332 per nightCA $332per nightCA $390 totalIncludes taxes & fees,ca.hotels.com/ho114696/ottawa-marriott-hotel-ottawa-canada/?chkin=2023-05-15&chkout=2023-05-16&x_pwa=1&rfrr=HSR&pwa_ts=1682995069554&referrerUrl=aHR0cHM6Ly9jYS5ob3RlbHMuY29tL0hvdGVsLVNlYXJjaA%3D%3D&useRewards=false&rm1=a2&regionId=4025&destination=Ottawa%2C+Ontario%2C+Canada&destType=MARKET&neighborhoodId=553248635976398172&latLong=45.42052%2C-75.69975&sort=RECOMMENDED&top_dp=332&top_cur=CAD&userIntent=&selectedRoomType=215431044&selectedRatePlan=380013434&expediaPropertyId=26126
Residence Inn by Marriott Ottawa Airport,Breakfast includedPool,"9.2/10Wonderful(1,025 reviews)",Price is CA $259 per nightCA $259per nightCA $304 totalIncludes taxes & fees,ca.hotels.com/ho432725/residence-inn-by-marriott-ottawa-airport-ottawa-canada/?chkin=2023-05-15&chkout=2023-05-16&x_pwa=1&rfrr=HSR&pwa_ts=1682995069554&referrerUrl=aHR0cHM6Ly9jYS5ob3RlbHMuY29tL0hvdGVsLVNlYXJjaA%3D%3D&useRewards=false&rm1=a2&regionId=4025&destination=Ottawa%2C+Ontario%2C+Canada&destType=MARKET&neighborhoodId=553248635976399025&latLong=45.42052%2C-75.69975&sort=RECOMMENDED&top_dp=259&top_cur=CAD&userIntent=&selectedRoomType=200307233&selectedRatePlan=201857946&expediaPropertyId=6089187
Mac Bed and Breakfast,None,7.2/10Good(187 reviews),Price is CA $129 per nightCA $129per nightCA $152 totalIncludes taxes & feesSign in for extra savings,ca.hotels.comhttps://ca.hotels.com/user/signin?uurl=e3id%3Dredr%26rurl%3D%2FHotel-Search%3FregionId%3D4025%26destination%3DOttawa%252C%2BOntario%252C%2BCanada%26startDate%3D2023-05-15%26endDate%3D2023-05-16%26adults%3D2%26children%3D%26userIntent%3D%26sort%3DRECOMMENDED%26vip%3Dfalse%26selected%3D9442728
Barefoot Hostel,None,9.2/10Wonderful(58 reviews),Price is CA $129 per nightCA $129per nightCA $152 totalIncludes taxes & fees,ca.hotels.com/ho562775/barefoot-hostel-ottawa-canada/?chkin=2023-05-15&chkout=2023-05-16&x_pwa=1&rfrr=HSR&pwa_ts=1682995069554&referrerUrl=aHR0cHM6Ly9jYS5ob3RlbHMuY29tL0hvdGVsLVNlYXJjaA%3D%3D&useRewards=false&rm1=a2&regionId=4025&destination=Ottawa%2C+Ontario%2C+Canada&destType=MARKET&neighborhoodId=553248635976398172&latLong=45.42052%2C-75.69975&sort=RECOMMENDED&top_dp=129&top_cur=CAD&userIntent=&selectedRoomType=314070210&selectedRatePlan=381917191&expediaPropertyId=13010109
Saintlo Ottawa Jail Hostel,None,7.8/10Good(515 reviews),Price is CA $150 per nightCA $150per nightCA $176 totalIncludes taxes & feesSign in for extra savings,ca.hotels.comhttps://ca.hotels.com/user/signin?uurl=e3id%3Dredr%26rurl%3D%2FHotel-Search%3FregionId%3D4025%26destination%3DOttawa%252C%2BOntario%252C%2BCanada%26startDate%3D2023-05-15%26endDate%3D2023-05-16%26adults%3D2%26children%3D%26userIntent%3D%26sort%3DRECOMMENDED%26vip%3Dfalse%26selected%3D9354967
Ottawa Backpackers Inn,None,7.2/10Good(217 reviews),Price is CA $100 per nightCA $100per nightCA $118 totalIncludes taxes & fees,ca.hotels.com/ho449117/ottawa-backpackers-inn-ottawa-canada/?chkin=2023-05-15&chkout=2023-05-16&x_pwa=1&rfrr=HSR&pwa_ts=1682995069555&referrerUrl=aHR0cHM6Ly9jYS5ob3RlbHMuY29tL0hvdGVsLVNlYXJjaA%3D%3D&useRewards=false&rm1=a2&regionId=4025&destination=Ottawa%2C+Ontario%2C+Canada&destType=MARKET&neighborhoodId=553248633981688734&latLong=45.42052%2C-75.69975&sort=RECOMMENDED&top_dp=100&top_cur=CAD&userIntent=&selectedRoomType=200647554&selectedRatePlan=203164782&expediaPropertyId=7431650
"Les Suites Victoria, Ascend Hotel Collection",None,8.8/10Excellent(696 reviews),Price is CA $170 per nightCA $170per nightCA $202 totalIncludes taxes & fees,ca.hotels.com/ho363956/les-suites-victoria-ascend-hotel-collection-gatineau-canada/?chkin=2023-05-15&chkout=2023-05-16&x_pwa=1&rfrr=HSR&pwa_ts=1682995069555&referrerUrl=aHR0cHM6Ly9jYS5ob3RlbHMuY29tL0hvdGVsLVNlYXJjaA%3D%3D&useRewards=false&rm1=a2&regionId=4025&destination=Ottawa%2C+Ontario%2C+Canada&destType=MARKET&neighborhoodId=7737&latLong=45.42052%2C-75.69975&sort=RECOMMENDED&top_dp=170&top_cur=CAD&userIntent=&selectedRoomType=200691076&selectedRatePlan=383224413&expediaPropertyId=3990037
Eddy Single Room Self Check-In,None,3.0/10(2 reviews),Price is CA $70 per nightCA $70per nightCA $143 totalIncludes taxes & fees,ca.hotels.com/ho2937176064/eddy-gatineau-canada/?chkin=2023-05-15&chkout=2023-05-16&x_pwa=1&rfrr=HSR&pwa_ts=1682995069555&referrerUrl=aHR0cHM6Ly9jYS5ob3RlbHMuY29tL0hvdGVsLVNlYXJjaA%3D%3D&useRewards=false&rm1=a2&regionId=4025&destination=Ottawa%2C+Ontario%2C+Canada&destType=MARKET&neighborhoodId=7737&latLong=45.42052%2C-75.69975&sort=RECOMMENDED&top_dp=70&top_cur=CAD&userIntent=&selectedRoomType=321982100&selectedRatePlan=390019451&expediaPropertyId=91755502
Auberge de la Gare,Breakfast included,"8.6/10Excellent(1,022 reviews)",Price is CA $150 per nightCA $150per nightCA $179 totalIncludes taxes & feesSign in for extra savings,ca.hotels.comhttps://ca.hotels.com/user/signin?uurl=e3id%3Dredr%26rurl%3D%2FHotel-Search%3FregionId%3D4025%26destination%3DOttawa%252C%2BOntario%252C%2BCanada%26startDate%3D2023-05-15%26endDate%3D2023-05-16%26adults%3D2%26children%3D%26userIntent%3D%26sort%3DRECOMMENDED%26vip%3Dfalse%26selected%3D8779425
Hilton Lac-Leamy,PoolHot tub,"9.0/10Wonderful(1,003 reviews)",Price is CA $553 per nightCA $553per nightCA $658 totalIncludes taxes & fees,ca.hotels.com/ho246767/hilton-lac-leamy-gatineau-canada/?chkin=2023-05-15&chkout=2023-05-16&x_pwa=1&rfrr=HSR&pwa_ts=1682995069555&referrerUrl=aHR0cHM6Ly9jYS5ob3RlbHMuY29tL0hvdGVsLVNlYXJjaA%3D%3D&useRewards=false&rm1=a2&regionId=4025&destination=Ottawa%2C+Ontario%2C+Canada&destType=MARKET&neighborhoodId=553248635976400640&latLong=45.42052%2C-75.69975&sort=RECOMMENDED&top_dp=553&top_cur=CAD&userIntent=&selectedRoomType=142449&selectedRatePlan=230072662&expediaPropertyId=807367
"Holiday Inn Gatineau - Ottawa, an IHG Hotel",Pool,9.0/10Wonderful(281 reviews),Price is CA $174 per nightCA $174per nightCA $207 totalIncludes taxes & fees,ca.hotels.com/ho2183988800/holiday-inn-gatineau-ottawa-an-ihg-hotel-gatineau-canada/?chkin=2023-05-15&chkout=2023-05-16&x_pwa=1&rfrr=HSR&pwa_ts=1682995069556&referrerUrl=aHR0cHM6Ly9jYS5ob3RlbHMuY29tL0hvdGVsLVNlYXJjaA%3D%3D&useRewards=false&rm1=a2&regionId=4025&destination=Ottawa%2C+Ontario%2C+Canada&destType=MARKET&neighborhoodId=553248635976400640&latLong=45.42052%2C-75.69975&sort=RECOMMENDED&top_dp=174&top_cur=CAD&userIntent=&selectedRoomType=314271802&selectedRatePlan=382822194&expediaPropertyId=68218400
Ramada Plaza by Wyndham Gatineau/Manoir du Casino,Pool,"8.0/10Very good(1,563 reviews)","Price was CA $189, price is now CA $151 per nightCA $189CA $151per nightCA $180 totalIncludes taxes & feesSign in for extra savings",ca.hotels.comhttps://ca.hotels.com/user/signin?uurl=e3id%3Dredr%26rurl%3D%2FHotel-Search%3FregionId%3D4025%26destination%3DOttawa%252C%2BOntario%252C%2BCanada%26startDate%3D2023-05-15%26endDate%3D2023-05-16%26adults%3D2%26children%3D%26userIntent%3D%26sort%3DRECOMMENDED%26vip%3Dfalse%26selected%3D482216
Motel Adam,Breakfast includedPool,"8.8/10Excellent(1,104 reviews)",Price is CA $145 per nightCA $145per nightCA $173 totalIncludes taxes & feesSign in for extra savings,ca.hotels.comhttps://ca.hotels.com/user/signin?uurl=e3id%3Dredr%26rurl%3D%2FHotel-Search%3FregionId%3D4025%26destination%3DOttawa%252C%2BOntario%252C%2BCanada%26startDate%3D2023-05-15%26endDate%3D2023-05-16%26adults%3D2%26children%3D%26userIntent%3D%26sort%3DRECOMMENDED%26vip%3Dfalse%26selected%3D8145190
Motel Ritz,None,8.0/10Very good(626 reviews),Price is CA $95 per nightCA $95per nightCA $113 totalIncludes taxes & fees,ca.hotels.com/ho440687/motel-ritz-gatineau-canada/?chkin=2023-05-15&chkout=2023-05-16&x_pwa=1&rfrr=HSR&pwa_ts=1682995069556&referrerUrl=aHR0cHM6Ly9jYS5ob3RlbHMuY29tL0hvdGVsLVNlYXJjaA%3D%3D&useRewards=false&rm1=a2&regionId=4025&destination=Ottawa%2C+Ontario%2C+Canada&destType=MARKET&neighborhoodId=553248635976397911&latLong=45.42052%2C-75.69975&sort=RECOMMENDED&top_dp=95&top_cur=CAD&userIntent=&selectedRoomType=200349700&selectedRatePlan=202136419&expediaPropertyId=6565919
Motel du Chevalier,Pool,8.0/10Very good(503 reviews),Price is CA $100 per nightCA $100per nightCA $118 totalIncludes taxes & fees,ca.hotels.com/ho396608/motel-du-chevalier-gatineau-canada/?chkin=2023-05-15&chkout=2023-05-16&x_pwa=1&rfrr=HSR&pwa_ts=1682995069556&referrerUrl=aHR0cHM6Ly9jYS5ob3RlbHMuY29tL0hvdGVsLVNlYXJjaA%3D%3D&useRewards=false&rm1=a2&regionId=4025&destination=Ottawa%2C+Ontario%2C+Canada&destType=MARKET&neighborhoodId=553248635976397911&latLong=45.42052%2C-75.69975&sort=RECOMMENDED&top_dp=100&top_cur=CAD&userIntent=&selectedRoomType=200125046&selectedRatePlan=209327039&expediaPropertyId=4739878
Quality Inn & Suites & Conference Centre,Breakfast includedPool,7.6/10Good(868 reviews),Price is CA $167 per nightCA $167per nightCA $199 totalIncludes taxes & fees,ca.hotels.com/ho182966/quality-inn-suites-conference-centre-gatineau-canada/?chkin=2023-05-15&chkout=2023-05-16&x_pwa=1&rfrr=HSR&pwa_ts=1682995069556&referrerUrl=aHR0cHM6Ly9jYS5ob3RlbHMuY29tL0hvdGVsLVNlYXJjaA%3D%3D&useRewards=false&rm1=a2&regionId=4025&destination=Ottawa%2C+Ontario%2C+Canada&destType=MARKET&neighborhoodId=553248635976397911&latLong=45.42052%2C-75.69975&sort=RECOMMENDED&top_dp=167&top_cur=CAD&userIntent=&selectedRoomType=200709650&selectedRatePlan=383225569&expediaPropertyId=41265
Hotel V,Hot tub,"8.4/10Very good(1,019 reviews)",Price is CA $161 per nightCA $161per nightCA $192 totalIncludes taxes & feesSign in for extra savings,ca.hotels.comhttps://ca.hotels.com/user/signin?uurl=e3id%3Dredr%26rurl%3D%2FHotel-Search%3FregionId%3D4025%26destination%3DOttawa%252C%2BOntario%252C%2BCanada%26startDate%3D2023-05-15%26endDate%3D2023-05-16%26adults%3D2%26children%3D%26userIntent%3D%26sort%3DRECOMMENDED%26vip%3Dfalse%26selected%3D6490201
"Holiday Inn Express & Suites - Gatineau - Ottawa, an IHG Hotel",Breakfast includedPool,"8.8/10Excellent(1,017 reviews)",Price is CA $165 per nightCA $165per nightCA $197 totalIncludes taxes & fees,ca.hotels.com/ho586668192/holiday-inn-express-suites-gatineau-ottawa-an-ihg-hotel-gatineau-canada/?chkin=2023-05-15&chkout=2023-05-16&x_pwa=1&rfrr=HSR&pwa_ts=1682995069557&referrerUrl=aHR0cHM6Ly9jYS5ob3RlbHMuY29tL0hvdGVsLVNlYXJjaA%3D%3D&useRewards=false&rm1=a2&regionId=4025&destination=Ottawa%2C+Ontario%2C+Canada&destType=MARKET&neighborhoodId=553248633981727667&latLong=45.42052%2C-75.69975&sort=RECOMMENDED&top_dp=165&top_cur=CAD&userIntent=&selectedRoomType=201985969&selectedRatePlan=380394297&expediaPropertyId=18302131
Comfort Inn Gatineau,Breakfast included,"8.0/10Very good(1,017 reviews)",Price is CA $148 per nightCA $148per nightCA $176 totalIncludes taxes & fees,ca.hotels.com/ho133279/comfort-inn-gatineau-gatineau-canada/?chkin=2023-05-15&chkout=2023-05-16&x_pwa=1&rfrr=HSR&pwa_ts=1682995069557&referrerUrl=aHR0cHM6Ly9jYS5ob3RlbHMuY29tL0hvdGVsLVNlYXJjaA%3D%3D&useRewards=false&rm1=a2&regionId=4025&destination=Ottawa%2C+Ontario%2C+Canada&destType=MARKET&neighborhoodId=553248633981727667&latLong=45.42052%2C-75.69975&sort=RECOMMENDED&top_dp=148&top_cur=CAD&userIntent=&selectedRoomType=200045165&selectedRatePlan=383276902&expediaPropertyId=21692
D'Amour Single Room Self Check-In,None,8.0/10Very good(1 review),Price is CA $70 per nightCA $70per nightCA $143 totalIncludes taxes & feesSign in for extra savings,ca.hotels.comhttps://ca.hotels.com/user/signin?uurl=e3id%3Dredr%26rurl%3D%2FHotel-Search%3FregionId%3D4025%26destination%3DOttawa%252C%2BOntario%252C%2BCanada%26startDate%3D2023-05-15%26endDate%3D2023-05-16%26adults%3D2%26children%3D%26userIntent%3D%26sort%3DRECOMMENDED%26vip%3Dfalse%26selected%3D92703709
Conrad Single Room Self Check-In,None,,Price is CA $67 per nightCA $67per nightCA $139 totalIncludes taxes & fees,ca.hotels.com/ho2923526592/private-room-in-residential-home-ottawa-canada/?chkin=2023-05-15&chkout=2023-05-16&x_pwa=1&rfrr=HSR&pwa_ts=1682995069557&referrerUrl=aHR0cHM6Ly9jYS5ob3RlbHMuY29tL0hvdGVsLVNlYXJjaA%3D%3D&useRewards=false&rm1=a2&regionId=4025&destination=Ottawa%2C+Ontario%2C+Canada&destType=MARKET&neighborhoodId=8637&latLong=45.42052%2C-75.69975&sort=RECOMMENDED&top_dp=67&top_cur=CAD&userIntent=&selectedRoomType=321720985&selectedRatePlan=390097695&expediaPropertyId=91328956
Luxury 2 bedroom apartment ,None,9.6/10Exceptional(4 reviews),Price is CA $200 per nightCA $200per nightCA $253 totalIncludes taxes & feesSign in for extra savings,ca.hotels.comhttps://ca.hotels.com/user/signin?uurl=e3id%3Dredr%26rurl%3D%2FHotel-Search%3FregionId%3D4025%26destination%3DOttawa%252C%2BOntario%252C%2BCanada%26startDate%3D2023-05-15%26endDate%3D2023-05-16%26adults%3D2%26children%3D%26userIntent%3D%26sort%3DRECOMMENDED%26vip%3Dfalse%26selected%3D89783087
Colline-Single Room- Self Check-In,None,8.0/10Very good(1 review),Price is CA $70 per nightCA $70per nightCA $143 totalIncludes taxes & feesSign in for extra savings,ca.hotels.comhttps://ca.hotels.com/user/signin?uurl=e3id%3Dredr%26rurl%3D%2FHotel-Search%3FregionId%3D4025%26destination%3DOttawa%252C%2BOntario%252C%2BCanada%26startDate%3D2023-05-15%26endDate%3D2023-05-16%26adults%3D2%26children%3D%26userIntent%3D%26sort%3DRECOMMENDED%26vip%3Dfalse%26selected%3D92793986
Meilleure Auberge,None,8.4/10Very good(28 reviews),Price is CA $115 per nightCA $115per nightCA $137 totalIncludes taxes & feesSign in for extra savings,ca.hotels.comhttps://ca.hotels.com/user/signin?uurl=e3id%3Dredr%26rurl%3D%2FHotel-Search%3FregionId%3D4025%26destination%3DOttawa%252C%2BOntario%252C%2BCanada%26startDate%3D2023-05-15%26endDate%3D2023-05-16%26adults%3D2%26children%3D%26userIntent%3D%26sort%3DRECOMMENDED%26vip%3Dfalse%26selected%3D48564569
Auberge Old Chelsea B&B,None,9.0/10Wonderful(51 reviews),Price is CA $160 per nightCA $160per nightCA $190 totalIncludes taxes & fees,ca.hotels.com/ho566264/auberge-old-chelsea-b-b-chelsea-canada/?chkin=2023-05-15&chkout=2023-05-16&x_pwa=1&rfrr=HSR&pwa_ts=1682995069558&referrerUrl=aHR0cHM6Ly9jYS5ob3RlbHMuY29tL0hvdGVsLVNlYXJjaA%3D%3D&useRewards=false&rm1=a2&regionId=4025&destination=Ottawa%2C+Ontario%2C+Canada&destType=MARKET&latLong=45.42052%2C-75.69975&sort=RECOMMENDED&top_dp=160&top_cur=CAD&userIntent=&selectedRoomType=322002268&selectedRatePlan=390108011&expediaPropertyId=13236249
Lofts du Village,None,9.2/10Wonderful(196 reviews),"Price was CA $250, price is now CA $225 per nightCA $250CA $225per nightCA $268 totalIncludes taxes & feesSign in for extra savings",ca.hotels.comhttps://ca.hotels.com/user/signin?uurl=e3id%3Dredr%26rurl%3D%2FHotel-Search%3FregionId%3D4025%26destination%3DOttawa%252C%2BOntario%252C%2BCanada%26startDate%3D2023-05-15%26endDate%3D2023-05-16%26adults%3D2%26children%3D%26userIntent%3D%26sort%3DRECOMMENDED%26vip%3Dfalse%26selected%3D51840784
Motel Chelsea,None,9.6/10Exceptional(20 reviews),"Price was CA $252, price is now CA $189 per nightCA $252CA $189per nightCA $225 totalIncludes taxes & feesSign in for extra savings",ca.hotels.comhttps://ca.hotels.com/user/signin?uurl=e3id%3Dredr%26rurl%3D%2FHotel-Search%3FregionId%3D4025%26destination%3DOttawa%252C%2BOntario%252C%2BCanada%26startDate%3D2023-05-15%26endDate%3D2023-05-16%26adults%3D2%26children%3D%26userIntent%3D%26sort%3DRECOMMENDED%26vip%3Dfalse%26selected%3D83674437
Motel Les Pignons Verts,None,7.8/10Good(337 reviews),Price is CA $105 per nightCA $105per nightCA $124 totalIncludes taxes & fees,ca.hotels.com/ho556180/motel-les-pignons-verts-buckingham-canada/?chkin=2023-05-15&chkout=2023-05-16&x_pwa=1&rfrr=HSR&pwa_ts=1682995069558&referrerUrl=aHR0cHM6Ly9jYS5ob3RlbHMuY29tL0hvdGVsLVNlYXJjaA%3D%3D&useRewards=false&rm1=a2&regionId=4025&destination=Ottawa%2C+Ontario%2C+Canada&destType=MARKET&latLong=45.42052%2C-75.69975&sort=RECOMMENDED&top_dp=105&top_cur=CAD&userIntent=&selectedRoomType=201302307&selectedRatePlan=206430239&expediaPropertyId=12571627
Le Bellevue Modern Lodge,None,9.4/10Exceptional(55 reviews),Price is CA $231 per nightCA $231per nightCA $275 totalIncludes taxes & feesSign in for extra savings,ca.hotels.comhttps://ca.hotels.com/user/signin?uurl=e3id%3Dredr%26rurl%3D%2FHotel-Search%3FregionId%3D4025%26destination%3DOttawa%252C%2BOntario%252C%2BCanada%26startDate%3D2023-05-15%26endDate%3D2023-05-16%26adults%3D2%26children%3D%26userIntent%3D%26sort%3DRECOMMENDED%26vip%3Dfalse%26selected%3D41939502
La Grange Country Inn,Breakfast included,9.4/10Exceptional(81 reviews),Price is CA $209 per nightCA $209per nightCA $249 totalIncludes taxes & fees,ca.hotels.com/ho658950/la-grange-country-inn-la-peche-canada/?chkin=2023-05-15&chkout=2023-05-16&x_pwa=1&rfrr=HSR&pwa_ts=1682995069559&referrerUrl=aHR0cHM6Ly9jYS5ob3RlbHMuY29tL0hvdGVsLVNlYXJjaA%3D%3D&useRewards=false&rm1=a2&regionId=4025&destination=Ottawa%2C+Ontario%2C+Canada&destType=MARKET&latLong=45.42052%2C-75.69975&sort=RECOMMENDED&top_dp=209&top_cur=CAD&userIntent=&selectedRoomType=221740017&selectedRatePlan=298181750&expediaPropertyId=17244299
Moulin Wakefield Mill Hotel & Spa,PoolHot tub,9.0/10Wonderful(458 reviews),Price is CA $248 per nightCA $248per nightCA $295 totalIncludes taxes & feesSign in for extra savings,ca.hotels.comhttps://ca.hotels.com/user/signin?uurl=e3id%3Dredr%26rurl%3D%2FHotel-Search%3FregionId%3D4025%26destination%3DOttawa%252C%2BOntario%252C%2BCanada%26startDate%3D2023-05-15%26endDate%3D2023-05-16%26adults%3D2%26children%3D%26userIntent%3D%26sort%3DRECOMMENDED%26vip%3Dfalse%26selected%3D2980778
Auberge De Mon Petit Chum B&B,None,9.6/10Exceptional(80 reviews),"Price was CA $155, price is now CA $140 per nightCA $155CA $140per nightCA $166 totalIncludes taxes & feesSign in for extra savings",ca.hotels.comhttps://ca.hotels.com/user/signin?uurl=e3id%3Dredr%26rurl%3D%2FHotel-Search%3FregionId%3D4025%26destination%3DOttawa%252C%2BOntario%252C%2BCanada%26startDate%3D2023-05-15%26endDate%3D2023-05-16%26adults%3D2%26children%3D%26userIntent%3D%26sort%3DRECOMMENDED%26vip%3Dfalse%26selected%3D12815322
SureStay Hotel by Best Western Kemptville,Breakfast included,7.6/10Good(242 reviews),Price is CA $169 per nightCA $169per nightCA $191 totalIncludes taxes & fees,ca.hotels.com/ho930914080/surestay-hotel-by-best-western-kemptville-north-grenville-canada/?chkin=2023-05-15&chkout=2023-05-16&x_pwa=1&rfrr=HSR&pwa_ts=1682995069559&referrerUrl=aHR0cHM6Ly9jYS5ob3RlbHMuY29tL0hvdGVsLVNlYXJjaA%3D%3D&useRewards=false&rm1=a2&regionId=4025&destination=Ottawa%2C+Ontario%2C+Canada&destType=MARKET&latLong=45.42052%2C-75.69975&sort=RECOMMENDED&top_dp=169&top_cur=CAD&userIntent=&selectedRoomType=230431289&selectedRatePlan=276316643&expediaPropertyId=29059815
Terrace Green Bed & Breakfast,Breakfast included,9.6/10Exceptional(55 reviews),Price is CA $115 per nightCA $115per nightCA $130 totalIncludes taxes & fees,ca.hotels.com/ho511391/terrace-green-bed-breakfast-north-dundas-canada/?chkin=2023-05-15&chkout=2023-05-16&x_pwa=1&rfrr=HSR&pwa_ts=1682995069560&referrerUrl=aHR0cHM6Ly9jYS5ob3RlbHMuY29tL0hvdGVsLVNlYXJjaA%3D%3D&useRewards=false&rm1=a2&regionId=4025&destination=Ottawa%2C+Ontario%2C+Canada&destType=MARKET&latLong=45.42052%2C-75.69975&sort=RECOMMENDED&top_dp=115&top_cur=CAD&userIntent=&selectedRoomType=201014065&selectedRatePlan=204936016&expediaPropertyId=10583909
Kemptville Suites,None,9.8/10Exceptional(155 reviews),Price is CA $249 per nightCA $249per nightCA $281 totalIncludes taxes & fees,ca.hotels.com/ho495124/kemptville-suites-north-grenville-canada/?chkin=2023-05-15&chkout=2023-05-16&x_pwa=1&rfrr=HSR&pwa_ts=1682995069543&referrerUrl=aHR0cHM6Ly9jYS5ob3RlbHMuY29tL0hvdGVsLVNlYXJjaA%3D%3D&useRewards=false&rm1=a2&regionId=4025&destination=Ottawa%2C+Ontario%2C+Canada&destType=MARKET&latLong=45.42052%2C-75.69975&sort=RECOMMENDED&top_dp=249&top_cur=CAD&userIntent=&selectedRoomType=200915046&selectedRatePlan=204627278&expediaPropertyId=10082221
